zone_id,week_start,flood_event_count_24m,avg_event_rainfall_mm,max_event_rainfall_mm,curfew_count_qtr,avg_curfew_hours,power_outage_count_month,avg_power_outage_hours,traffic_disruption_hours_week,disruption_days_month,proximity_river_km,coastal_exposure_index,elevation_m,adjacent_zone_risk_prev_week,historical_risk_score
zone_1,2024-02-01,1,145.232,166.255,0,3.079,4,3.406,8.577,8,8.459,0.495,215.356,24.709,98.0
zone_1,2024-02-08,3,156.405,170.958,0,2.565,1,5.356,9.406,5,8.459,0.495,215.356,39.267,98.0
zone_1,2024-02-15,0,164.414,193.446,0,1.376,4,2.268,10.364,6,8.459,0.495,215.356,49.386,98.0
zone_1,2024-02-22,1,166.968,188.757,1,0.743,3,4.644,8.717,8,8.459,0.495,215.356,59.546,98.0
zone_1,2024-02-29,2,154.905,176.207,0,1.738,1,1.597,8.316,4,8.459,0.495,215.356,63.871,98.0
zone_1,2024-03-07,3,168.918,194.442,1,1.837,0,1.685,10.98,5,8.459,0.495,215.356,71.691,98.0
zone_1,2024-03-14,2,172.301,195.874,0,0.513,0,1.545,8.754,7,8.459,0.495,215.356,76.978,98.0
zone_1,2024-03-21,3,163.712,194.106,0,1.861,1,3.478,10.607,5,8.459,0.495,215.356,79.372,98.0
zone_1,2024-03-28,3,168.215,183.979,0,2.379,0,4.495,11.503,7,8.459,0.495,215.356,80.205,98.0
zone_1,2024-04-04,2,146.366,161.248,0,1.978,3,5.196,14.386,7,8.459,0.495,215.356,86.691,98.0
zone_1,2024-04-11,1,136.933,159.075,0,2.059,2,1.861,7.504,5,8.459,0.495,215.356,86.973,98.0
zone_1,2024-04-18,0,175.933,196.975,1,1.235,3,2.007,11.413,7,8.459,0.495,215.356,89.071,98.0
zone_1,2024-04-25,0,157.846,172.608,0,0.974,6,3.241,9.399,8,8.459,0.495,215.356,90.544,98.0
zone_1,2024-05-02,2,148.367,169.833,1,1.817,2,2.016,10.34,5,8.459,0.495,215.356,92.892,98.0
zone_1,2024-05-09,0,131.375,154.076,0,2.844,0,2.946,8.11,3,8.459,0.495,215.356,93.904,98.0
zone_1,2024-05-16,1,129.669,156.996,0,2.689,1,4.103,10.182,8,8.459,0.495,215.356,92.967,98.0
zone_1,2024-05-23,2,126.05,144.26,0,2.428,5,3.347,11.184,4,8.459,0.495,215.356,93.664,98.0
zone_1,2024-05-30,3,111.537,130.236,0,3.324,3,1.584,7.73,9,8.459,0.495,215.356,93.223,98.0
zone_1,2024-06-06,0,86.81,103.864,1,1.955,1,2.586,8.299,2,8.459,0.495,215.356,99.989,95.3977485009078
zone_1,2024-06-13,0,95.862,117.719,0,3.213,1,3.058,8.5,4,8.459,0.495,215.356,98.594,98.0
zone_1,2024-06-20,1,97.553,134.298,0,1.088,1,3.528,5.883,7,8.459,0.495,215.356,99.108,98.0
zone_1,2024-06-27,3,87.422,103.649,0,2.353,2,3.194,8.944,4,8.459,0.495,215.356,99.795,98.0
zone_1,2024-07-04,0,67.322,101.141,0,1.871,2,4.43,8.499,8,8.459,0.495,215.356,95.923,98.0
zone_1,2024-07-11,2,68.433,102.384,0,1.503,1,3.861,7.339,7,8.459,0.495,215.356,98.693,98.0
zone_1,2024-07-18,1,82.248,108.094,2,2.838,2,1.662,6.618,5,8.459,0.495,215.356,100.0,98.0
zone_1,2024-07-25,1,70.129,71.799,1,0.137,1,1.26,9.839,5,8.459,0.495,215.356,100.0,98.0
zone_1,2024-08-01,0,33.088,59.598,2,1.337,1,3.422,8.484,2,8.459,0.495,215.356,100.0,79.66390834111745
zone_1,2024-08-08,2,53.612,67.664,0,3.529,2,5.56,6.677,0,8.459,0.495,215.356,95.683,81.42046549226342
zone_1,2024-08-15,0,34.221,55.084,1,0.599,1,3.577,7.399,1,8.459,0.495,215.356,96.039,72.19108050183274
zone_1,2024-08-22,1,39.341,55.567,1,2.338,0,3.252,7.78,3,8.459,0.495,215.356,86.649,82.46935267370982
zone_1,2024-08-29,1,40.765,67.33,0,2.082,0,0.808,5.04,1,8.459,0.495,215.356,85.454,67.0299087368511
zone_1,2024-09-05,1,22.775,48.771,1,2.131,0,2.892,8.78,4,8.459,0.495,215.356,77.102,81.20169125412771
zone_1,2024-09-12,0,23.614,31.769,0,3.004,2,1.855,7.462,4,8.459,0.495,215.356,76.247,71.98897561111025
zone_1,2024-09-19,0,38.841,54.001,1,2.628,2,4.453,6.236,1,8.459,0.495,215.356,71.734,62.65431268806892
zone_1,2024-09-26,0,26.243,55.16,0,2.549,1,3.076,6.99,6,8.459,0.495,215.356,72.052,75.40895215005128
zone_1,2024-10-03,0,42.128,61.922,0,0.61,1,2.495,6.545,8,8.459,0.495,215.356,71.032,83.84844831010884
zone_1,2024-10-10,0,29.177,51.958,0,2.385,1,4.17,5.272,4,8.459,0.495,215.356,75.807,65.53609253061595
zone_1,2024-10-17,2,41.029,72.494,0,1.421,1,3.732,8.612,5,8.459,0.495,215.356,78.949,93.82098222608123
zone_1,2024-10-24,0,43.337,60.868,1,0.209,2,2.209,4.731,0,8.459,0.495,215.356,81.351,58.40416719441271
zone_1,2024-10-31,0,63.002,86.481,1,1.903,1,3.87,7.501,5,8.459,0.495,215.356,75.674,86.76110828384724
zone_1,2024-11-07,3,73.02,106.051,0,1.757,0,3.145,8.012,8,8.459,0.495,215.356,76.515,98.0
zone_1,2024-11-14,0,54.631,71.042,0,2.837,2,2.135,5.095,3,8.459,0.495,215.356,80.088,71.09462894660663
zone_1,2024-11-21,1,62.25,80.222,0,2.907,2,3.326,10.678,4,8.459,0.495,215.356,78.785,98.0
zone_1,2024-11-28,0,56.507,68.248,0,1.686,0,2.922,8.126,5,8.459,0.495,215.356,82.014,88.81152490277384
zone_1,2024-12-05,0,107.528,133.443,1,2.388,1,3.288,7.15,5,8.459,0.495,215.356,81.842,98.0
zone_1,2024-12-12,6,111.888,141.871,1,1.363,3,5.003,6.022,2,8.459,0.495,215.356,82.164,98.0
zone_1,2024-12-19,2,93.32,119.821,1,1.572,3,1.146,9.307,3,8.459,0.495,215.356,84.484,98.0
zone_1,2024-12-26,3,84.288,107.859,0,3.651,1,3.296,7.571,6,8.459,0.495,215.356,87.658,98.0
zone_1,2025-01-02,0,128.893,159.795,1,4.749,2,2.685,9.09,3,8.459,0.495,215.356,88.659,98.0
zone_1,2025-01-09,3,138.255,146.3,0,2.815,3,2.57,12.147,5,8.459,0.495,215.356,91.687,98.0
zone_1,2025-01-16,0,121.972,146.671,0,2.377,1,1.139,9.349,4,8.459,0.495,215.356,96.285,98.0
zone_1,2025-01-23,2,132.194,138.549,1,2.472,1,3.919,9.899,10,8.459,0.495,215.356,95.943,98.0
zone_1,2025-01-30,1,136.887,155.551,2,1.699,1,3.87,11.623,5,8.459,0.495,215.356,97.195,98.0
zone_1,2025-02-06,0,161.395,179.429,1,1.418,1,1.993,9.714,8,8.459,0.495,215.356,96.507,98.0
zone_1,2025-02-13,0,147.946,167.49,1,2.759,2,3.772,8.463,6,8.459,0.495,215.356,96.315,98.0
zone_1,2025-02-20,3,146.095,153.587,0,0.0,2,3.311,11.167,4,8.459,0.495,215.356,96.231,98.0
zone_1,2025-02-27,0,162.732,183.198,0,2.478,0,3.856,11.226,3,8.459,0.495,215.356,94.345,98.0
zone_1,2025-03-06,2,177.511,207.013,1,2.716,4,5.254,12.928,8,8.459,0.495,215.356,90.582,98.0
zone_1,2025-03-13,1,176.044,201.161,0,2.94,0,3.375,7.575,6,8.459,0.495,215.356,90.224,98.0
zone_1,2025-03-20,3,154.695,188.15,0,2.403,1,3.066,8.296,6,8.459,0.495,215.356,90.667,98.0
zone_1,2025-03-27,0,185.47,212.623,2,1.118,1,1.625,11.017,7,8.459,0.495,215.356,91.974,98.0
zone_1,2025-04-03,2,157.027,184.993,0,1.116,3,2.855,8.149,5,8.459,0.495,215.356,89.606,98.0
zone_1,2025-04-10,2,156.233,171.61,1,2.444,1,2.471,12.172,4,8.459,0.495,215.356,91.719,98.0
zone_1,2025-04-17,1,139.635,159.868,1,2.596,1,2.582,8.886,4,8.459,0.495,215.356,88.742,98.0
zone_1,2025-04-24,0,172.529,207.228,1,3.954,2,6.497,11.292,4,8.459,0.495,215.356,89.941,98.0
zone_1,2025-05-01,0,129.392,145.474,0,2.479,0,3.37,10.012,2,8.459,0.495,215.356,93.491,98.0
zone_1,2025-05-08,2,123.19,131.651,0,0.858,2,3.307,7.863,7,8.459,0.495,215.356,95.726,98.0
zone_1,2025-05-15,0,114.09,118.422,0,2.097,5,3.318,11.242,5,8.459,0.495,215.356,96.307,98.0
zone_1,2025-05-22,1,115.97,129.306,0,1.888,3,1.311,9.96,6,8.459,0.495,215.356,91.642,98.0
zone_1,2025-05-29,0,148.893,163.915,1,2.27,1,3.437,10.208,4,8.459,0.495,215.356,92.619,98.0
zone_1,2025-06-05,1,110.101,141.591,0,1.882,4,2.813,9.121,5,8.459,0.495,215.356,95.67,98.0
zone_1,2025-06-12,2,98.586,122.173,0,1.049,1,3.953,8.817,7,8.459,0.495,215.356,96.287,98.0
zone_1,2025-06-19,1,110.529,132.844,2,0.477,0,3.525,6.756,4,8.459,0.495,215.356,97.611,98.0
zone_1,2025-06-26,2,93.686,131.629,1,2.09,0,1.499,8.116,4,8.459,0.495,215.356,100.0,98.0
zone_1,2025-07-03,1,64.388,82.126,1,1.158,2,3.488,8.32,1,8.459,0.495,215.356,100.0,90.27584582400333
zone_1,2025-07-10,0,71.398,94.393,0,2.531,4,4.627,10.317,7,8.459,0.495,215.356,98.514,98.0
zone_1,2025-07-17,1,67.569,93.704,0,2.141,1,3.697,7.629,5,8.459,0.495,215.356,98.192,98.0
zone_1,2025-07-24,0,60.293,86.343,0,3.642,2,1.877,7.703,4,8.459,0.495,215.356,99.494,90.47390560471771
zone_1,2025-07-31,1,70.239,92.958,0,0.092,2,2.995,9.193,7,8.459,0.495,215.356,97.016,98.0
zone_1,2025-08-07,0,33.794,57.675,1,1.642,2,4.071,8.032,4,8.459,0.495,215.356,97.618,83.06770959037783
zone_1,2025-08-14,3,30.206,45.904,1,4.645,1,3.165,7.601,4,8.459,0.495,215.356,93.184,92.37100557174135
zone_1,2025-08-21,2,37.261,68.893,0,1.128,2,2.783,5.313,4,8.459,0.495,215.356,93.911,81.93483279399979
zone_1,2025-08-28,0,29.669,51.483,0,1.613,1,2.834,7.633,4,8.459,0.495,215.356,88.33,77.7900396257008
zone_1,2025-09-04,1,25.474,34.29,0,1.604,2,2.278,8.589,7,8.459,0.495,215.356,86.443,92.14508248483338
zone_1,2025-09-11,0,39.294,69.23,0,2.798,1,3.771,4.716,2,8.459,0.495,215.356,88.572,64.6019026168693
zone_1,2025-09-18,1,37.96,69.859,1,2.279,0,2.603,7.278,2,8.459,0.495,215.356,86.385,77.38591771281469
zone_1,2025-09-25,1,29.589,43.59,0,3.971,0,2.732,3.604,2,8.459,0.495,215.356,85.486,61.1086151388508
zone_1,2025-10-02,0,31.939,62.993,1,2.237,2,0.448,3.982,3,8.459,0.495,215.356,80.084,60.07847922499609
zone_1,2025-10-09,0,45.699,69.483,0,3.23,2,2.382,8.031,4,8.459,0.495,215.356,76.112,80.78695014745263
zone_1,2025-10-16,0,53.527,53.92,0,1.837,1,1.916,5.693,9,8.459,0.495,215.356,77.05,88.61421052368223
zone_1,2025-10-23,0,34.68,51.772,0,2.083,2,2.162,7.207,5,8.459,0.495,215.356,82.966,79.03446909350862
zone_1,2025-10-30,0,25.593,52.43,0,2.189,0,2.652,7.533,5,8.459,0.495,215.356,83.015,77.46317815124438
zone_1,2025-11-06,1,79.36,107.42,0,4.16,0,1.981,9.852,2,8.459,0.495,215.356,81.623,98.0
zone_1,2025-11-13,0,59.18,82.542,1,1.488,0,5.51,8.071,6,8.459,0.495,215.356,82.253,92.241829816583
zone_1,2025-11-20,0,62.182,76.474,0,0.389,1,4.457,7.558,7,8.459,0.495,215.356,83.273,94.30890851103668
zone_1,2025-11-27,0,71.867,84.66,0,1.623,2,1.765,5.849,5,8.459,0.495,215.356,86.302,86.332993917882
zone_1,2025-12-04,0,90.601,110.813,0,3.752,2,2.416,10.067,5,8.459,0.495,215.356,86.962,98.0
zone_1,2025-12-11,0,80.449,99.076,0,3.717,2,2.309,9.662,5,8.459,0.495,215.356,88.345,98.0
zone_1,2025-12-18,1,93.703,121.698,0,2.15,2,3.715,9.39,8,8.459,0.495,215.356,93.756,98.0
zone_1,2025-12-25,1,94.776,117.761,0,3.82,1,4.313,5.244,1,8.459,0.495,215.356,97.503,87.59599300000787
zone_1,2026-01-01,2,133.615,155.618,0,2.37,0,2.566,6.181,6,8.459,0.495,215.356,97.113,98.0
zone_1,2026-01-08,0,117.254,131.962,0,2.253,1,3.676,10.506,5,8.459,0.495,215.356,98.982,98.0
zone_1,2026-01-15,1,123.046,152.909,0,3.005,2,5.02,9.071,6,8.459,0.495,215.356,93.824,98.0
zone_1,2026-01-22,2,144.914,158.83,0,3.167,1,2.864,10.488,2,8.459,0.495,215.356,91.689,98.0
zone_1,2026-01-29,2,141.775,163.936,0,4.911,2,3.483,8.585,3,8.459,0.495,215.356,90.802,98.0
zone_1,2026-02-05,2,161.522,175.664,2,2.922,1,2.586,9.255,5,8.459,0.495,215.356,96.861,98.0
zone_1,2026-02-12,2,154.476,181.806,0,1.073,0,4.37,11.455,3,8.459,0.495,215.356,96.581,98.0
zone_1,2026-02-19,0,162.302,169.46,1,2.377,4,2.819,7.387,6,8.459,0.495,215.356,98.523,98.0
zone_1,2026-02-26,3,147.388,170.079,0,0.329,2,3.633,7.901,8,8.459,0.495,215.356,100.0,98.0
zone_1,2026-03-05,1,165.453,181.52,1,2.191,2,1.275,12.141,9,8.459,0.495,215.356,98.952,98.0
zone_1,2026-03-12,4,189.787,217.751,0,2.381,2,3.72,11.368,6,8.459,0.495,215.356,97.057,98.0
zone_1,2026-03-19,2,158.812,165.728,1,3.321,1,1.47,12.408,6,8.459,0.495,215.356,95.388,98.0
zone_2,2024-02-01,5,195.005,214.163,0,3.163,3,3.044,8.086,3,5.864,0.522,224.705,23.017,98.0
zone_2,2024-02-08,1,172.23,193.106,1,2.037,0,1.397,9.43,9,5.864,0.522,224.705,35.159,98.0
zone_2,2024-02-15,2,195.539,216.456,0,0.827,0,3.197,9.091,6,5.864,0.522,224.705,48.627,98.0
zone_2,2024-02-22,4,179.189,196.36,1,3.525,1,3.549,6.855,6,5.864,0.522,224.705,57.257,98.0
zone_2,2024-02-29,2,191.229,211.773,0,2.41,6,2.793,9.379,8,5.864,0.522,224.705,69.4,98.0
zone_2,2024-03-07,3,199.29,202.213,1,1.241,6,2.885,12.296,6,5.864,0.522,224.705,77.517,98.0
zone_2,2024-03-14,1,192.962,217.371,0,1.618,3,3.849,11.464,6,5.864,0.522,224.705,78.052,98.0
zone_2,2024-03-21,2,202.393,215.861,1,2.93,1,2.758,10.762,6,5.864,0.522,224.705,81.258,98.0
zone_2,2024-03-28,2,188.37,208.606,0,2.047,1,2.869,7.819,1,5.864,0.522,224.705,81.699,98.0
zone_2,2024-04-04,5,180.056,196.412,0,2.439,2,4.246,11.912,3,5.864,0.522,224.705,86.845,98.0
zone_2,2024-04-11,4,203.487,227.552,0,2.279,2,1.045,10.502,4,5.864,0.522,224.705,88.451,98.0
zone_2,2024-04-18,4,190.372,216.466,0,3.278,2,2.981,10.44,8,5.864,0.522,224.705,91.516,98.0
zone_2,2024-04-25,4,199.644,219.71,0,0.708,2,2.803,8.974,5,5.864,0.522,224.705,89.282,98.0
zone_2,2024-05-02,1,164.976,181.891,2,2.329,3,4.311,8.331,6,5.864,0.522,224.705,93.571,98.0
zone_2,2024-05-09,3,162.432,176.843,1,3.189,2,1.349,7.837,4,5.864,0.522,224.705,94.461,98.0
zone_2,2024-05-16,1,153.218,178.34,0,3.073,0,1.27,7.302,4,5.864,0.522,224.705,97.626,98.0
zone_2,2024-05-23,1,163.715,179.989,0,1.072,4,2.501,9.765,8,5.864,0.522,224.705,95.202,98.0
zone_2,2024-05-30,1,153.803,155.597,3,2.806,1,1.463,8.381,9,5.864,0.522,224.705,95.434,98.0
zone_2,2024-06-06,3,119.208,131.684,0,1.986,2,1.495,8.216,3,5.864,0.522,224.705,98.202,98.0
zone_2,2024-06-13,1,114.345,146.165,1,1.623,2,2.148,7.572,4,5.864,0.522,224.705,98.384,98.0
zone_2,2024-06-20,2,129.224,154.254,0,1.024,2,1.843,8.284,3,5.864,0.522,224.705,97.176,98.0
zone_2,2024-06-27,0,109.054,151.531,1,2.272,2,3.327,6.48,5,5.864,0.522,224.705,99.025,98.0
zone_2,2024-07-04,1,91.474,117.948,1,3.413,2,4.117,5.137,4,5.864,0.522,224.705,96.577,94.48984138924783
zone_2,2024-07-11,0,73.843,79.026,0,2.052,1,2.956,8.289,4,5.864,0.522,224.705,96.707,96.29268097328426
zone_2,2024-07-18,2,77.774,82.407,2,2.474,1,2.492,8.622,6,5.864,0.522,224.705,95.805,98.0
zone_2,2024-07-25,1,74.242,77.381,0,1.32,1,4.715,6.311,4,5.864,0.522,224.705,97.212,93.70138572271915
zone_2,2024-08-01,0,47.132,58.193,0,2.288,1,4.626,5.633,3,5.864,0.522,224.705,98.005,76.00160411095095
zone_2,2024-08-08,0,55.347,63.368,0,2.233,1,3.728,6.022,5,5.864,0.522,224.705,93.626,84.23308030115318
zone_2,2024-08-15,1,53.279,77.08,1,0.803,1,4.554,8.521,5,5.864,0.522,224.705,91.149,96.48085671590111
zone_2,2024-08-22,0,44.467,69.895,0,3.072,3,0.989,8.079,8,5.864,0.522,224.705,92.53,96.39972720308894
zone_2,2024-08-29,0,30.297,56.096,1,0.192,3,3.597,8.521,3,5.864,0.522,224.705,96.154,80.93739594224125
zone_2,2024-09-05,0,13.909,31.778,0,2.653,0,1.817,5.918,6,5.864,0.522,224.705,90.837,73.17325416209813
zone_2,2024-09-12,1,34.169,59.122,3,2.71,0,0.2,8.535,0,5.864,0.522,224.705,88.51,76.22073686678709
zone_2,2024-09-19,1,45.723,63.185,1,3.329,1,2.359,5.224,6,5.864,0.522,224.705,84.82,83.09488604278818
zone_2,2024-09-26,1,18.278,35.049,0,3.804,2,2.118,4.838,4,5.864,0.522,224.705,85.94,68.10116268336925
zone_2,2024-10-03,0,24.754,41.716,1,1.329,2,1.046,6.004,5,5.864,0.522,224.705,79.916,71.04672259922141
zone_2,2024-10-10,1,55.638,66.017,1,1.929,0,2.192,7.712,5,5.864,0.522,224.705,76.093,90.09708049466077
zone_2,2024-10-17,0,42.253,68.625,0,2.305,1,3.847,4.145,5,5.864,0.522,224.705,78.717,69.24816219714263
zone_2,2024-10-24,1,51.444,72.809,0,1.414,0,3.218,5.834,2,5.864,0.522,224.705,79.973,74.74486775041065
zone_2,2024-10-31,0,50.465,74.827,0,2.288,1,2.899,6.188,9,5.864,0.522,224.705,76.207,89.56007102468132
zone_2,2024-11-07,0,70.192,93.664,0,3.323,0,1.778,9.408,6,5.864,0.522,224.705,77.974,98.0
zone_2,2024-11-14,0,94.622,119.893,0,3.79,1,2.274,8.498,5,5.864,0.522,224.705,79.45,98.0
zone_2,2024-11-21,1,68.951,89.99,0,2.765,2,4.439,6.885,6,5.864,0.522,224.705,83.189,95.83277440787509
zone_2,2024-11-28,1,77.988,103.883,1,3.123,2,1.483,6.133,6,5.864,0.522,224.705,84.924,96.31650363408045
zone_2,2024-12-05,0,119.254,130.271,0,3.359,1,3.059,9.375,4,5.864,0.522,224.705,88.199,98.0
zone_2,2024-12-12,2,112.205,123.461,0,1.891,0,4.061,8.451,6,5.864,0.522,224.705,86.538,98.0
zone_2,2024-12-19,0,114.81,123.555,0,2.256,0,2.962,8.581,1,5.864,0.522,224.705,88.439,98.0
zone_2,2024-12-26,0,122.304,145.401,3,1.732,2,3.692,8.698,7,5.864,0.522,224.705,88.521,98.0
zone_2,2025-01-02,1,167.46,194.426,2,1.486,0,2.692,8.607,8,5.864,0.522,224.705,90.606,98.0
zone_2,2025-01-09,1,151.631,173.322,0,2.399,1,3.069,9.536,6,5.864,0.522,224.705,89.99,98.0
zone_2,2025-01-16,1,165.164,185.518,0,2.393,2,4.175,9.522,10,5.864,0.522,224.705,93.137,98.0
zone_2,2025-01-23,0,162.854,176.463,0,3.046,2,2.635,13.431,6,5.864,0.522,224.705,93.354,98.0
zone_2,2025-01-30,1,152.67,165.129,0,2.136,1,1.817,9.711,7,5.864,0.522,224.705,92.844,98.0
zone_2,2025-02-06,1,181.811,207.231,0,3.501,2,6.094,7.452,4,5.864,0.522,224.705,94.54,98.0
zone_2,2025-02-13,1,181.398,192.777,1,2.681,0,3.663,9.455,10,5.864,0.522,224.705,94.0,98.0
zone_2,2025-02-20,2,171.281,183.262,0,4.211,2,1.901,10.071,6,5.864,0.522,224.705,95.269,98.0
zone_2,2025-02-27,2,188.103,208.215,1,2.805,4,2.522,11.201,8,5.864,0.522,224.705,92.102,98.0
zone_2,2025-03-06,2,218.777,231.846,1,2.293,4,3.166,11.119,10,5.864,0.522,224.705,95.865,98.0
zone_2,2025-03-13,2,205.845,217.224,0,2.161,2,4.352,9.041,3,5.864,0.522,224.705,96.847,98.0
zone_2,2025-03-20,1,205.917,220.953,0,3.366,4,1.699,10.748,7,5.864,0.522,224.705,98.963,98.0
zone_2,2025-03-27,0,206.503,207.485,0,2.005,1,3.669,9.929,2,5.864,0.522,224.705,100.0,98.0
zone_2,2025-04-03,1,194.07,205.346,0,0.0,1,2.399,7.039,8,5.864,0.522,224.705,98.689,98.0
zone_2,2025-04-10,3,200.955,223.171,0,0.62,1,4.323,9.376,8,5.864,0.522,224.705,98.578,98.0
zone_2,2025-04-17,0,215.631,229.631,0,1.71,2,3.406,9.276,10,5.864,0.522,224.705,100.0,98.0
zone_2,2025-04-24,1,202.816,224.908,0,2.256,2,3.445,13.367,5,5.864,0.522,224.705,99.627,98.0
zone_2,2025-05-01,1,172.191,201.313,0,0.0,1,4.1,8.022,2,5.864,0.522,224.705,100.0,98.0
zone_2,2025-05-08,2,159.277,175.345,1,3.679,2,3.893,7.92,5,5.864,0.522,224.705,100.0,98.0
zone_2,2025-05-15,5,174.633,200.629,0,2.524,4,3.528,13.173,8,5.864,0.522,224.705,98.216,98.0
zone_2,2025-05-22,1,155.735,168.669,0,2.085,0,2.61,5.716,7,5.864,0.522,224.705,100.0,98.0
zone_2,2025-05-29,3,160.039,179.346,1,0.591,4,1.174,9.838,4,5.864,0.522,224.705,98.202,98.0
zone_2,2025-06-05,2,113.813,132.346,1,1.502,3,3.32,7.968,0,5.864,0.522,224.705,95.842,98.0
zone_2,2025-06-12,0,109.221,141.827,1,3.557,1,3.678,5.009,1,5.864,0.522,224.705,95.202,86.41455595184365
zone_2,2025-06-19,0,133.731,150.245,0,4.307,2,1.326,10.041,3,5.864,0.522,224.705,92.883,98.0
zone_2,2025-06-26,0,115.806,128.141,0,1.217,1,2.857,8.605,6,5.864,0.522,224.705,94.111,98.0
zone_2,2025-07-03,1,84.248,110.802,1,3.019,1,3.595,6.384,4,5.864,0.522,224.705,92.946,95.85221048257759
zone_2,2025-07-10,0,86.81,101.973,0,0.941,1,1.692,6.571,3,5.864,0.522,224.705,93.706,90.38086865174331
zone_2,2025-07-17,2,90.076,115.371,3,0.168,2,4.998,6.303,5,5.864,0.522,224.705,92.16,98.0
zone_2,2025-07-24,1,75.848,94.933,0,2.198,1,3.843,6.482,7,5.864,0.522,224.705,93.257,98.0
zone_2,2025-07-31,0,75.63,78.089,1,2.449,1,4.339,9.004,8,5.864,0.522,224.705,98.627,98.0
zone_2,2025-08-07,0,55.61,73.153,0,2.416,1,2.355,7.001,7,5.864,0.522,224.705,99.219,94.94039261599089
zone_2,2025-08-14,1,29.443,47.721,1,0.4,0,3.751,6.879,3,5.864,0.522,224.705,99.474,79.96941361811392
zone_2,2025-08-21,0,41.138,70.324,2,3.246,1,3.676,7.931,5,5.864,0.522,224.705,97.737,88.02229923314
zone_2,2025-08-28,1,43.352,69.652,0,4.221,0,3.55,4.466,4,5.864,0.522,224.705,96.61,77.33192880763619
zone_2,2025-09-04,0,14.619,37.732,0,3.04,5,4.247,5.338,4,5.864,0.522,224.705,91.887,66.0506234799177
zone_2,2025-09-11,0,17.373,41.128,0,3.673,3,1.94,8.649,7,5.864,0.522,224.705,87.599,86.1060207135859
zone_2,2025-09-18,0,45.15,64.454,1,2.283,5,3.784,4.338,2,5.864,0.522,224.705,85.318,64.40627208572944
zone_2,2025-09-25,0,38.338,43.028,0,3.611,1,4.297,5.404,2,5.864,0.522,224.705,83.611,65.76460993272947
zone_2,2025-10-02,0,54.829,64.182,0,1.597,1,2.253,6.973,6,5.864,0.522,224.705,79.649,86.4680938679737
zone_2,2025-10-09,2,63.131,77.655,0,2.045,1,2.102,6.921,4,5.864,0.522,224.705,79.47,92.06392965020493
zone_2,2025-10-16,2,46.001,66.043,1,1.986,3,1.934,5.549,7,5.864,0.522,224.705,80.017,90.20057098979042
zone_2,2025-10-23,2,62.961,78.852,0,2.363,1,2.977,6.106,5,5.864,0.522,224.705,81.741,92.39704882178951
zone_2,2025-10-30,0,44.758,68.357,0,1.853,2,2.56,6.577,4,5.864,0.522,224.705,81.971,77.07832883417258
zone_2,2025-11-06,0,83.761,115.249,0,1.96,2,1.049,8.306,7,5.864,0.522,224.705,79.681,98.0
zone_2,2025-11-13,0,86.807,101.286,0,0.444,0,4.416,4.76,2,5.864,0.522,224.705,82.901,78.02005249380458
zone_2,2025-11-20,2,76.217,93.292,0,2.593,1,1.777,8.878,7,5.864,0.522,224.705,79.861,98.0
zone_2,2025-11-27,1,75.089,98.291,2,2.125,1,3.074,7.797,5,5.864,0.522,224.705,83.911,98.0
zone_2,2025-12-04,1,107.371,128.777,1,1.829,3,1.713,6.547,8,5.864,0.522,224.705,88.807,98.0
zone_2,2025-12-11,3,117.975,134.753,0,2.848,0,1.046,10.029,7,5.864,0.522,224.705,89.721,98.0
zone_2,2025-12-18,2,113.533,132.199,0,0.581,1,1.683,9.458,6,5.864,0.522,224.705,93.469,98.0
zone_2,2025-12-25,3,126.952,141.396,1,3.953,2,3.634,8.134,5,5.864,0.522,224.705,95.875,98.0
zone_2,2026-01-01,3,185.96,210.408,0,2.701,1,3.104,9.391,5,5.864,0.522,224.705,95.445,98.0
zone_2,2026-01-08,4,155.118,186.955,0,2.76,1,2.292,8.986,7,5.864,0.522,224.705,94.803,98.0
zone_2,2026-01-15,0,149.794,162.95,0,0.284,0,1.486,8.424,5,5.864,0.522,224.705,97.191,98.0
zone_2,2026-01-22,0,154.275,174.333,0,2.98,2,3.329,10.389,3,5.864,0.522,224.705,96.512,98.0
zone_2,2026-01-29,3,158.45,193.187,1,1.204,1,3.61,9.721,8,5.864,0.522,224.705,96.828,98.0
zone_2,2026-02-05,0,188.227,216.996,1,1.155,1,3.865,11.48,6,5.864,0.522,224.705,97.213,98.0
zone_2,2026-02-12,2,203.591,225.538,0,1.86,0,1.384,10.965,4,5.864,0.522,224.705,100.0,98.0
zone_2,2026-02-19,1,179.045,188.986,1,0.356,1,0.915,10.191,1,5.864,0.522,224.705,100.0,98.0
zone_2,2026-02-26,1,184.534,197.884,0,2.952,2,3.563,10.228,5,5.864,0.522,224.705,96.956,98.0
zone_2,2026-03-05,0,192.818,216.191,0,1.562,2,4.077,10.368,4,5.864,0.522,224.705,96.5,98.0
zone_2,2026-03-12,1,195.39,204.138,0,2.241,5,2.999,6.897,7,5.864,0.522,224.705,98.417,98.0
zone_2,2026-03-19,1,216.753,251.401,0,2.424,3,3.881,10.665,3,5.864,0.522,224.705,100.0,98.0
zone_3,2024-02-01,0,44.817,50.682,1,3.843,0,3.027,9.575,6,10.002,0.981,29.03,49.705,89.7674954633147
zone_3,2024-02-08,2,88.213,111.593,0,1.905,3,3.125,10.292,10,10.002,0.981,29.03,58.172,98.0
zone_3,2024-02-15,0,71.938,94.374,0,0.6,3,4.131,9.936,6,10.002,0.981,29.03,63.599,98.0
zone_3,2024-02-22,2,73.404,95.948,0,1.59,2,2.785,10.404,3,10.002,0.981,29.03,69.311,98.0
zone_3,2024-02-29,0,74.318,107.006,0,2.841,2,2.466,8.866,3,10.002,0.981,29.03,74.155,94.65353652811405
zone_3,2024-03-07,5,84.624,101.951,0,3.26,1,5.596,9.72,5,10.002,0.981,29.03,82.917,98.0
zone_3,2024-03-14,1,86.302,101.768,3,0.975,1,2.162,9.994,6,10.002,0.981,29.03,86.171,98.0
zone_3,2024-03-21,1,62.846,76.119,1,2.557,2,2.895,8.998,6,10.002,0.981,29.03,90.008,98.0
zone_3,2024-03-28,1,75.239,88.12,0,2.685,1,4.566,11.744,4,10.002,0.981,29.03,94.126,98.0
zone_3,2024-04-04,1,71.455,87.846,1,1.884,3,2.681,10.022,6,10.002,0.981,29.03,93.094,98.0
zone_3,2024-04-11,3,92.98,106.217,1,2.191,2,2.487,8.352,6,10.002,0.981,29.03,94.945,98.0
zone_3,2024-04-18,2,67.505,93.419,1,1.535,0,2.137,12.755,4,10.002,0.981,29.03,94.511,98.0
zone_3,2024-04-25,2,65.648,101.754,1,2.129,2,1.577,8.796,6,10.002,0.981,29.03,97.866,98.0
zone_3,2024-05-02,0,76.853,103.09,0,1.533,0,2.093,7.502,6,10.002,0.981,29.03,100.0,98.0
zone_3,2024-05-09,0,67.57,91.939,2,1.474,3,2.314,8.585,3,10.002,0.981,29.03,99.971,98.0
zone_3,2024-05-16,1,71.351,95.65,1,1.972,1,3.41,10.628,5,10.002,0.981,29.03,100.0,98.0
zone_3,2024-05-23,1,63.085,85.249,0,1.592,1,2.71,7.19,4,10.002,0.981,29.03,100.0,98.0
zone_3,2024-05-30,0,66.16,90.599,0,2.54,2,1.693,10.971,7,10.002,0.981,29.03,99.497,98.0
zone_3,2024-06-06,1,45.351,71.566,0,2.827,0,1.914,6.253,4,10.002,0.981,29.03,100.0,90.47933046443254
zone_3,2024-06-13,1,51.859,60.916,0,0.838,1,3.095,6.729,5,10.002,0.981,29.03,99.226,96.7508374408669
zone_3,2024-06-20,1,31.94,50.289,1,1.894,1,2.623,9.22,6,10.002,0.981,29.03,100.0,98.0
zone_3,2024-06-27,0,39.475,59.804,0,1.175,1,1.551,10.312,9,10.002,0.981,29.03,100.0,98.0
zone_3,2024-07-04,0,43.493,64.176,0,2.455,2,3.677,5.446,4,10.002,0.981,29.03,100.0,82.55211943282987
zone_3,2024-07-11,1,18.47,45.428,0,2.941,0,1.733,9.295,3,10.002,0.981,29.03,99.53,90.54237515441889
zone_3,2024-07-18,1,31.805,55.686,0,3.072,2,1.454,9.074,4,10.002,0.981,29.03,98.252,96.2040684839075
zone_3,2024-07-25,0,22.748,55.903,0,2.307,1,4.773,6.889,5,10.002,0.981,29.03,98.526,83.8508622056632
zone_3,2024-08-01,0,17.314,34.81,0,1.874,1,0.892,5.286,6,10.002,0.981,29.03,90.092,76.74415396136713
zone_3,2024-08-08,0,10.041,26.843,1,3.505,1,1.505,8.594,3,10.002,0.981,29.03,83.203,76.50581106609916
zone_3,2024-08-15,0,15.532,37.751,1,2.82,0,2.933,6.322,4,10.002,0.981,29.03,79.806,71.66930760659312
zone_3,2024-08-22,0,38.322,65.837,2,2.904,3,2.808,7.192,6,10.002,0.981,29.03,79.279,87.17567866073345
zone_3,2024-08-29,1,16.087,30.727,0,1.887,1,4.001,7.41,5,10.002,0.981,29.03,82.585,83.741869831554
zone_3,2024-09-05,0,6.749,24.659,0,0.314,1,2.69,6.38,5,10.002,0.981,29.03,82.945,72.80893592783025
zone_3,2024-09-12,0,0.0,17.215,2,1.968,1,3.593,5.374,4,10.002,0.981,29.03,78.76,63.15962359409862
zone_3,2024-09-19,0,21.744,35.298,1,3.46,1,3.182,6.666,0,10.002,0.981,29.03,76.48,62.912931670282525
zone_3,2024-09-26,0,4.204,28.09,1,2.503,1,1.31,4.534,3,10.002,0.981,29.03,74.198,57.358886021614566
zone_3,2024-10-03,0,11.621,36.623,2,2.525,2,3.469,6.949,3,10.002,0.981,29.03,70.813,67.5500006409225
zone_3,2024-10-10,1,12.595,24.006,0,2.784,1,2.714,4.197,3,10.002,0.981,29.03,67.062,61.12456315006464
zone_3,2024-10-17,0,25.953,40.249,1,2.91,3,2.956,3.692,0,10.002,0.981,29.03,66.673,50.59578162732975
zone_3,2024-10-24,0,14.123,25.276,0,3.144,1,3.009,6.811,6,10.002,0.981,29.03,63.716,74.10717205910203
zone_3,2024-10-31,1,45.848,68.85,2,3.603,3,2.283,7.135,4,10.002,0.981,29.03,63.837,83.9195941973778
zone_3,2024-11-07,0,49.045,69.418,0,3.306,0,2.537,9.093,3,10.002,0.981,29.03,71.704,87.08979424204156
zone_3,2024-11-14,0,13.41,39.043,1,1.354,0,1.963,7.283,6,10.002,0.981,29.03,74.706,78.64159252690207
zone_3,2024-11-21,0,15.096,24.576,0,4.264,0,0.914,9.757,6,10.002,0.981,29.03,75.696,88.49808317920555
zone_3,2024-11-28,1,26.191,54.955,1,1.977,3,4.072,9.59,6,10.002,0.981,29.03,75.166,95.53151438810573
zone_3,2024-12-05,1,52.287,74.412,0,1.245,1,4.585,8.437,7,10.002,0.981,29.03,81.402,98.0
zone_3,2024-12-12,0,42.644,67.401,1,1.01,1,2.801,9.172,6,10.002,0.981,29.03,86.88,97.84571732539948
zone_3,2024-12-19,0,50.065,58.915,4,2.646,0,3.014,9.485,4,10.002,0.981,29.03,87.0,95.7964420278564
zone_3,2024-12-26,0,41.836,49.151,0,2.585,1,2.877,10.842,5,10.002,0.981,29.03,88.84,98.0
zone_3,2025-01-02,2,64.213,87.983,0,1.386,4,2.286,11.783,8,10.002,0.981,29.03,93.286,98.0
zone_3,2025-01-09,0,66.378,80.437,1,3.127,1,3.451,10.247,4,10.002,0.981,29.03,92.707,98.0
zone_3,2025-01-16,0,61.827,71.779,0,3.877,1,3.54,10.651,7,10.002,0.981,29.03,95.201,98.0
zone_3,2025-01-23,0,64.326,83.747,0,2.54,2,3.71,12.457,6,10.002,0.981,29.03,97.331,98.0
zone_3,2025-01-30,1,63.784,100.042,0,1.653,2,3.493,8.81,11,10.002,0.981,29.03,97.341,98.0
zone_3,2025-02-06,0,66.501,72.302,0,4.618,3,1.187,12.218,7,10.002,0.981,29.03,96.618,98.0
zone_3,2025-02-13,0,78.664,92.54,0,0.347,2,3.383,9.617,7,10.002,0.981,29.03,96.817,98.0
zone_3,2025-02-20,3,63.379,91.795,1,2.927,3,1.58,9.62,9,10.002,0.981,29.03,95.798,98.0
zone_3,2025-02-27,2,58.752,66.305,1,3.623,2,4.572,10.401,8,10.002,0.981,29.03,96.713,98.0
zone_3,2025-03-06,1,82.662,105.445,1,2.215,1,3.346,9.997,3,10.002,0.981,29.03,98.409,98.0
zone_3,2025-03-13,0,65.423,71.548,0,2.727,2,5.171,8.679,7,10.002,0.981,29.03,98.346,98.0
zone_3,2025-03-20,1,77.226,92.16,2,0.987,3,2.906,7.342,3,10.002,0.981,29.03,96.903,98.0
zone_3,2025-03-27,3,68.532,82.937,0,1.459,1,2.745,9.982,7,10.002,0.981,29.03,99.688,98.0
zone_3,2025-04-03,0,69.43,93.194,0,2.281,1,3.846,10.683,7,10.002,0.981,29.03,99.066,98.0
zone_3,2025-04-10,2,72.675,98.246,0,2.428,2,2.191,11.068,12,10.002,0.981,29.03,99.415,98.0
zone_3,2025-04-17,0,72.923,89.353,1,1.726,3,6.08,9.466,3,10.002,0.981,29.03,98.382,98.0
zone_3,2025-04-24,0,64.944,95.338,1,2.958,4,1.601,10.611,2,10.002,0.981,29.03,100.0,98.0
zone_3,2025-05-01,0,68.288,90.712,0,3.37,2,3.825,8.716,3,10.002,0.981,29.03,98.712,98.0
zone_3,2025-05-08,1,66.155,94.878,0,2.129,2,1.96,11.403,9,10.002,0.981,29.03,99.41,98.0
zone_3,2025-05-15,1,57.4,77.741,0,3.749,4,1.174,7.792,7,10.002,0.981,29.03,96.697,98.0
zone_3,2025-05-22,0,57.503,71.513,0,3.183,2,2.891,9.98,6,10.002,0.981,29.03,96.858,98.0
zone_3,2025-05-29,0,55.425,73.461,0,1.468,4,4.355,9.279,5,10.002,0.981,29.03,96.476,98.0
zone_3,2025-06-05,1,42.4,69.234,0,1.233,2,4.574,8.923,6,10.002,0.981,29.03,96.123,98.0
zone_3,2025-06-12,0,41.772,60.415,0,2.496,1,0.432,8.359,10,10.002,0.981,29.03,96.222,98.0
zone_3,2025-06-19,0,36.849,61.578,0,1.852,1,1.736,8.516,4,10.002,0.981,29.03,98.311,91.31296094779904
zone_3,2025-06-26,1,32.812,58.525,0,1.107,1,3.347,9.344,5,10.002,0.981,29.03,97.701,98.0
zone_3,2025-07-03,0,24.321,34.626,0,1.796,1,1.568,8.07,3,10.002,0.981,29.03,95.708,82.38414403701164
zone_3,2025-07-10,0,32.46,62.346,0,1.219,1,2.202,5.802,2,10.002,0.981,29.03,95.856,73.84639865654155
zone_3,2025-07-17,0,18.659,43.679,3,2.842,1,2.746,5.198,9,10.002,0.981,29.03,86.775,84.16714476463041
zone_3,2025-07-24,0,18.744,30.42,1,1.724,0,0.539,7.259,4,10.002,0.981,29.03,83.064,76.98018659594307
zone_3,2025-07-31,1,31.437,54.598,0,2.866,1,3.869,5.492,2,10.002,0.981,29.03,80.544,72.58845618196865
zone_3,2025-08-07,0,7.141,33.183,1,2.409,2,4.628,7.157,3,10.002,0.981,29.03,77.442,68.7662333383423
zone_3,2025-08-14,0,24.734,54.63,1,2.145,0,2.2,10.56,4,10.002,0.981,29.03,74.031,88.43161472093034
zone_3,2025-08-21,1,17.963,21.941,0,1.371,2,2.499,6.625,2,10.002,0.981,29.03,76.096,71.4022539687313
zone_3,2025-08-28,0,7.26,22.315,0,2.419,1,2.265,7.429,5,10.002,0.981,29.03,73.168,74.12202503983528
zone_3,2025-09-04,0,20.931,47.133,0,1.842,1,2.316,5.064,5,10.002,0.981,29.03,72.851,69.54215670059408
zone_3,2025-09-11,1,4.407,26.674,0,2.802,0,4.113,6.381,3,10.002,0.981,29.03,74.582,68.69972017914556
zone_3,2025-09-18,0,16.02,43.181,0,3.63,1,3.517,5.493,6,10.002,0.981,29.03,70.899,71.8275340750669
zone_3,2025-09-25,0,16.052,41.548,1,3.709,3,3.398,4.715,1,10.002,0.981,29.03,71.808,55.48522391462434
zone_3,2025-10-02,0,8.056,22.906,1,0.976,0,3.646,7.877,3,10.002,0.981,29.03,66.769,68.74948522497706
zone_3,2025-10-09,0,39.692,59.551,0,2.292,0,2.966,4.819,2,10.002,0.981,29.03,67.488,64.65266001233319
zone_3,2025-10-16,0,16.051,31.522,0,3.089,0,3.439,6.172,5,10.002,0.981,29.03,66.622,70.40104002491933
zone_3,2025-10-23,0,26.362,52.07,0,2.445,0,2.283,6.042,4,10.002,0.981,29.03,68.13,70.73861248350501
zone_3,2025-10-30,0,9.463,28.865,0,1.98,1,4.558,5.161,2,10.002,0.981,29.03,69.482,57.216209061695324
zone_3,2025-11-06,0,24.414,41.249,0,3.061,3,2.1,5.051,4,10.002,0.981,29.03,61.804,64.76943459660968
zone_3,2025-11-13,0,51.988,72.481,0,2.752,3,2.758,8.472,5,10.002,0.981,29.03,63.907,89.06966379949233
zone_3,2025-11-20,1,47.727,64.914,0,3.669,1,3.614,6.661,6,10.002,0.981,29.03,67.383,89.23112216776362
zone_3,2025-11-27,0,23.135,52.151,0,1.466,1,1.9,8.16,6,10.002,0.981,29.03,70.135,83.5711201361023
zone_3,2025-12-04,0,55.059,72.624,1,1.433,1,1.842,7.586,8,10.002,0.981,29.03,72.646,97.41233024268541
zone_3,2025-12-11,0,34.867,57.309,1,2.485,3,5.194,8.326,2,10.002,0.981,29.03,78.003,78.92653744485558
zone_3,2025-12-18,0,59.503,82.512,0,1.64,2,3.502,6.503,2,10.002,0.981,29.03,77.396,79.60252312642137
zone_3,2025-12-25,0,31.504,49.699,1,2.106,5,2.179,6.894,4,10.002,0.981,29.03,78.903,78.39572931352846
zone_3,2026-01-01,0,64.06,67.261,1,0.783,1,3.423,9.974,5,10.002,0.981,29.03,79.622,98.0
zone_3,2026-01-08,0,81.91,109.936,0,1.197,3,0.755,9.852,4,10.002,0.981,29.03,81.842,98.0
zone_3,2026-01-15,0,66.1,103.06,0,2.209,3,3.331,10.206,5,10.002,0.981,29.03,81.095,98.0
zone_3,2026-01-22,2,74.492,104.168,1,5.471,0,2.242,10.003,6,10.002,0.981,29.03,84.236,98.0
zone_3,2026-01-29,0,54.01,81.249,1,3.608,1,3.225,9.714,5,10.002,0.981,29.03,90.889,98.0
zone_3,2026-02-05,4,72.524,85.736,1,3.666,1,3.531,7.261,4,10.002,0.981,29.03,93.593,98.0
zone_3,2026-02-12,0,54.839,83.779,0,2.492,2,3.955,9.009,5,10.002,0.981,29.03,96.437,98.0
zone_3,2026-02-19,1,75.639,104.903,0,2.595,1,2.574,11.165,5,10.002,0.981,29.03,95.151,98.0
zone_3,2026-02-26,2,62.628,93.896,0,3.892,1,2.857,10.636,5,10.002,0.981,29.03,94.964,98.0
zone_3,2026-03-05,1,67.772,98.023,1,3.878,0,2.512,11.894,5,10.002,0.981,29.03,92.423,98.0
zone_3,2026-03-12,0,76.532,96.534,0,2.536,1,3.042,10.315,7,10.002,0.981,29.03,92.349,98.0
zone_3,2026-03-19,0,75.903,100.807,0,5.224,2,3.128,8.85,5,10.002,0.981,29.03,93.422,98.0
zone_4,2024-02-01,1,193.071,221.243,0,1.729,2,4.234,9.894,5,7.037,0.848,96.141,48.368,98.0
zone_4,2024-02-08,4,181.37,194.22,0,0.735,0,2.174,11.281,5,7.037,0.848,96.141,57.174,98.0
zone_4,2024-02-15,1,197.332,220.152,0,0.014,2,2.849,11.12,3,7.037,0.848,96.141,64.443,98.0
zone_4,2024-02-22,5,166.422,200.594,1,2.675,0,3.795,9.445,5,7.037,0.848,96.141,69.975,98.0
zone_4,2024-02-29,1,161.495,194.272,0,1.277,2,2.489,8.494,3,7.037,0.848,96.141,76.802,98.0
zone_4,2024-03-07,2,183.51,198.025,0,2.445,1,4.571,10.047,8,7.037,0.848,96.141,80.945,98.0
zone_4,2024-03-14,0,186.517,199.582,0,2.567,5,3.8,10.506,3,7.037,0.848,96.141,82.852,98.0
zone_4,2024-03-21,0,173.225,192.799,0,2.578,1,2.535,11.477,3,7.037,0.848,96.141,85.504,98.0
zone_4,2024-03-28,2,191.497,194.231,0,2.624,0,4.54,10.26,5,7.037,0.848,96.141,86.078,98.0
zone_4,2024-04-04,3,164.343,187.592,1,2.582,1,2.321,11.495,7,7.037,0.848,96.141,87.969,98.0
zone_4,2024-04-11,2,174.636,214.049,0,3.087,0,3.564,10.402,5,7.037,0.848,96.141,89.951,98.0
zone_4,2024-04-18,4,181.678,203.404,0,1.15,1,4.936,8.66,4,7.037,0.848,96.141,93.077,98.0
zone_4,2024-04-25,4,181.02,190.036,1,2.997,4,3.666,9.622,6,7.037,0.848,96.141,92.122,98.0
zone_4,2024-05-02,1,141.939,162.669,0,1.911,0,1.838,9.853,5,7.037,0.848,96.141,95.842,98.0
zone_4,2024-05-09,2,159.818,170.32,0,3.109,1,1.351,9.363,6,7.037,0.848,96.141,96.424,98.0
zone_4,2024-05-16,2,152.433,163.58,0,1.233,1,0.2,11.239,6,7.037,0.848,96.141,94.91,98.0
zone_4,2024-05-23,3,159.375,173.955,0,2.662,3,3.709,8.274,6,7.037,0.848,96.141,93.89,98.0
zone_4,2024-05-30,0,154.438,175.383,0,2.842,2,2.887,11.838,6,7.037,0.848,96.141,94.257,98.0
zone_4,2024-06-06,1,121.131,144.031,1,1.847,2,2.675,9.201,6,7.037,0.848,96.141,95.881,98.0
zone_4,2024-06-13,0,93.619,109.952,0,2.44,0,3.833,9.803,4,7.037,0.848,96.141,99.308,98.0
zone_4,2024-06-20,2,122.491,157.615,0,2.084,1,4.427,6.79,4,7.037,0.848,96.141,99.707,98.0
zone_4,2024-06-27,2,130.596,147.214,0,1.197,2,2.954,8.601,7,7.037,0.848,96.141,99.561,98.0
zone_4,2024-07-04,0,75.831,91.513,0,1.167,2,1.704,8.095,2,7.037,0.848,96.141,100.0,95.18226950921118
zone_4,2024-07-11,0,61.507,77.732,1,3.081,2,2.935,6.477,5,7.037,0.848,96.141,92.749,91.1304765968976
zone_4,2024-07-18,1,62.499,90.435,0,2.116,1,2.317,6.208,1,7.037,0.848,96.141,91.953,83.62577373559073
zone_4,2024-07-25,5,77.615,92.058,1,1.754,1,3.303,9.606,5,7.037,0.848,96.141,89.57,98.0
zone_4,2024-08-01,1,34.19,45.427,0,1.579,0,2.22,5.06,1,7.037,0.848,96.141,92.854,71.01477676423333
zone_4,2024-08-08,0,37.657,66.514,0,1.457,2,2.897,8.603,4,7.037,0.848,96.141,88.096,87.60802737708251
zone_4,2024-08-15,0,38.688,44.187,0,2.775,1,2.113,7.812,5,7.037,0.848,96.141,89.584,88.1815174318157
zone_4,2024-08-22,1,54.68,67.617,0,1.842,0,3.17,2.866,2,7.037,0.848,96.141,88.182,70.69716956390305
zone_4,2024-08-29,0,40.02,61.997,0,1.142,0,2.641,6.75,4,7.037,0.848,96.141,84.583,80.57051766112336
zone_4,2024-09-05,0,10.799,27.692,0,3.1,2,2.877,6.593,4,7.037,0.848,96.141,88.264,72.07645641026699
zone_4,2024-09-12,0,35.73,61.756,0,0.451,1,3.556,4.606,8,7.037,0.848,96.141,84.651,82.41477643944874
zone_4,2024-09-19,0,34.888,61.723,1,5.057,0,4.767,8.559,5,7.037,0.848,96.141,82.986,87.94295902875508
zone_4,2024-09-26,1,43.803,51.818,1,1.859,1,3.787,5.475,1,7.037,0.848,96.141,81.999,72.48937857758085
zone_4,2024-10-03,0,43.902,61.115,0,2.513,4,3.637,4.396,0,7.037,0.848,96.141,79.954,60.85095902111604
zone_4,2024-10-10,0,42.624,71.754,1,2.651,2,3.45,7.798,4,7.037,0.848,96.141,77.6,83.28873995979701
zone_4,2024-10-17,0,38.967,48.34,1,2.134,2,2.956,7.247,0,7.037,0.848,96.141,80.685,69.99664445129099
zone_4,2024-10-24,1,42.113,66.758,0,3.67,2,2.502,6.616,7,7.037,0.848,96.141,82.309,92.74263285581587
zone_4,2024-10-31,1,30.429,34.851,0,1.466,0,1.88,8.785,5,7.037,0.848,96.141,80.616,91.15984361603033
zone_4,2024-11-07,0,61.918,69.629,0,3.068,1,2.189,7.662,4,7.037,0.848,96.141,83.1,90.19570188535363
zone_4,2024-11-14,1,92.317,98.221,0,1.556,2,3.655,8.624,5,7.037,0.848,96.141,84.117,98.0
zone_4,2024-11-21,1,72.811,85.615,0,1.012,2,1.855,6.959,6,7.037,0.848,96.141,85.153,98.0
zone_4,2024-11-28,2,77.176,88.384,0,2.641,3,4.297,8.464,2,7.037,0.848,96.141,88.879,98.0
zone_4,2024-12-05,1,102.35,115.511,0,2.508,5,4.365,9.678,3,7.037,0.848,96.141,88.499,98.0
zone_4,2024-12-12,0,109.737,123.534,0,1.112,0,3.113,5.906,5,7.037,0.848,96.141,89.373,98.0
zone_4,2024-12-19,1,120.414,137.714,0,0.785,1,3.355,10.744,7,7.037,0.848,96.141,91.661,98.0
zone_4,2024-12-26,1,101.573,135.424,0,2.457,1,1.951,9.056,4,7.037,0.848,96.141,94.296,98.0
zone_4,2025-01-02,2,141.857,160.567,0,3.044,1,2.915,6.642,8,7.037,0.848,96.141,94.508,98.0
zone_4,2025-01-09,1,150.227,153.226,0,2.827,0,2.463,8.401,6,7.037,0.848,96.141,99.336,98.0
zone_4,2025-01-16,2,138.333,155.673,0,0.0,5,3.645,9.669,2,7.037,0.848,96.141,98.25,98.0
zone_4,2025-01-23,1,135.038,158.394,1,0.64,2,3.472,10.991,5,7.037,0.848,96.141,100.0,98.0
zone_4,2025-01-30,1,149.923,162.781,0,2.628,0,1.25,6.898,6,7.037,0.848,96.141,100.0,98.0
zone_4,2025-02-06,1,180.806,207.053,1,2.552,0,1.973,9.25,4,7.037,0.848,96.141,97.969,98.0
zone_4,2025-02-13,3,170.018,198.766,1,3.025,0,4.278,11.246,8,7.037,0.848,96.141,99.742,98.0
zone_4,2025-02-20,4,187.924,196.154,0,2.576,3,1.89,8.442,6,7.037,0.848,96.141,99.288,98.0
zone_4,2025-02-27,0,181.977,203.163,0,2.231,3,3.038,8.443,8,7.037,0.848,96.141,100.0,98.0
zone_4,2025-03-06,4,185.983,203.621,1,4.114,2,3.457,10.355,8,7.037,0.848,96.141,97.647,98.0
zone_4,2025-03-13,0,178.325,193.217,0,2.91,0,1.927,9.149,3,7.037,0.848,96.141,96.347,98.0
zone_4,2025-03-20,2,191.212,215.051,0,3.276,0,1.958,8.717,4,7.037,0.848,96.141,100.0,98.0
zone_4,2025-03-27,0,198.589,217.505,0,3.09,3,2.742,10.266,8,7.037,0.848,96.141,100.0,98.0
zone_4,2025-04-03,1,183.64,210.067,0,2.371,3,4.63,10.735,9,7.037,0.848,96.141,100.0,98.0
zone_4,2025-04-10,4,178.599,191.106,0,2.661,1,2.8,5.711,5,7.037,0.848,96.141,100.0,98.0
zone_4,2025-04-17,5,160.967,181.869,1,2.861,1,3.544,9.079,2,7.037,0.848,96.141,100.0,98.0
zone_4,2025-04-24,2,162.983,195.913,0,1.101,4,1.948,13.105,6,7.037,0.848,96.141,99.494,98.0
zone_4,2025-05-01,2,163.361,169.435,0,5.196,1,3.678,9.373,6,7.037,0.848,96.141,100.0,98.0
zone_4,2025-05-08,2,150.491,174.582,0,2.271,1,2.758,9.754,5,7.037,0.848,96.141,97.51,98.0
zone_4,2025-05-15,2,137.544,144.334,0,0.864,4,2.215,8.201,8,7.037,0.848,96.141,95.737,98.0
zone_4,2025-05-22,3,155.441,182.846,2,2.567,4,2.311,9.017,4,7.037,0.848,96.141,97.958,98.0
zone_4,2025-05-29,4,142.063,160.578,0,5.441,3,4.569,11.939,8,7.037,0.848,96.141,98.638,98.0
zone_4,2025-06-05,0,98.129,122.026,0,2.439,0,3.994,9.246,6,7.037,0.848,96.141,100.0,98.0
zone_4,2025-06-12,1,109.636,117.579,0,3.072,2,2.273,5.731,5,7.037,0.848,96.141,97.631,98.0
zone_4,2025-06-19,1,106.285,142.088,0,3.108,2,2.158,9.891,9,7.037,0.848,96.141,96.763,98.0
zone_4,2025-06-26,1,101.711,124.423,0,1.46,0,3.682,9.096,3,7.037,0.848,96.141,97.971,98.0
zone_4,2025-07-03,0,81.829,111.361,0,2.335,2,1.919,6.075,5,7.037,0.848,96.141,96.358,96.85534416287531
zone_4,2025-07-10,3,71.681,100.262,1,1.545,1,4.791,10.659,3,7.037,0.848,96.141,96.103,98.0
zone_4,2025-07-17,1,77.534,100.635,0,3.302,0,3.875,8.964,5,7.037,0.848,96.141,97.535,98.0
zone_4,2025-07-24,1,73.826,95.43,0,1.532,1,3.555,7.58,3,7.037,0.848,96.141,99.891,98.0
zone_4,2025-07-31,0,81.86,95.244,0,0.264,3,3.151,10.51,4,7.037,0.848,96.141,100.0,98.0
zone_4,2025-08-07,1,63.534,79.133,1,2.507,0,2.314,7.098,6,7.037,0.848,96.141,100.0,98.0
zone_4,2025-08-14,1,40.42,58.414,0,1.531,1,4.261,5.107,4,7.037,0.848,96.141,99.574,83.1882607059141
zone_4,2025-08-21,0,40.911,73.746,0,1.561,1,3.683,7.641,6,7.037,0.848,96.141,94.435,92.31643810430123
zone_4,2025-08-28,0,55.469,72.973,1,2.436,1,3.034,5.357,5,7.037,0.848,96.141,90.485,84.55386164353855
zone_4,2025-09-04,0,46.077,61.797,1,2.812,1,1.668,8.164,2,7.037,0.848,96.141,90.854,83.83068989782025
zone_4,2025-09-11,0,32.804,58.529,1,3.206,1,3.347,5.12,6,7.037,0.848,96.141,89.092,79.12851592771372
zone_4,2025-09-18,1,26.459,41.745,0,2.194,1,2.942,8.493,3,7.037,0.848,96.141,85.222,84.64096775807516
zone_4,2025-09-25,0,32.865,63.233,0,1.33,3,0.958,8.662,5,7.037,0.848,96.141,81.902,87.40589842531745
zone_4,2025-10-02,0,49.167,67.878,0,1.225,1,4.624,7.542,6,7.037,0.848,96.141,84.801,91.82845423395754
zone_4,2025-10-09,0,38.803,62.593,0,1.139,2,1.916,7.99,3,7.037,0.848,96.141,85.612,82.27843500475824
zone_4,2025-10-16,1,57.756,84.215,0,1.214,1,0.41,6.673,3,7.037,0.848,96.141,84.978,87.46587932860403
zone_4,2025-10-23,0,47.11,62.305,0,1.431,1,1.8,5.871,4,7.037,0.848,96.141,87.043,80.18831498950989
zone_4,2025-10-30,0,38.452,48.649,1,2.212,1,1.305,6.055,3,7.037,0.848,96.141,83.782,74.56944263835635
zone_4,2025-11-06,1,72.696,104.1,0,2.84,2,1.449,8.308,5,7.037,0.848,96.141,81.133,98.0
zone_4,2025-11-13,1,71.571,85.818,1,1.045,2,1.667,7.824,5,7.037,0.848,96.141,84.051,98.0
zone_4,2025-11-20,0,59.906,79.384,1,2.537,2,3.617,6.676,4,7.037,0.848,96.141,88.045,87.32510310255692
zone_4,2025-11-27,2,74.408,98.358,0,4.689,2,3.56,9.637,2,7.037,0.848,96.141,88.23,98.0
zone_4,2025-12-04,2,112.645,139.562,0,2.117,3,3.426,9.236,8,7.037,0.848,96.141,89.935,98.0
zone_4,2025-12-11,0,105.165,126.429,0,2.013,3,3.432,9.192,6,7.037,0.848,96.141,89.438,98.0
zone_4,2025-12-18,0,103.524,125.834,1,2.833,3,3.112,8.844,6,7.037,0.848,96.141,90.774,98.0
zone_4,2025-12-25,2,103.764,118.3,0,2.097,1,5.788,8.785,6,7.037,0.848,96.141,94.062,98.0
zone_4,2026-01-01,4,144.577,174.407,0,0.204,4,3.491,11.101,6,7.037,0.848,96.141,91.477,98.0
zone_4,2026-01-08,0,145.309,150.418,2,0.685,2,3.433,7.23,7,7.037,0.848,96.141,93.951,98.0
zone_4,2026-01-15,0,143.944,162.564,1,2.369,3,4.102,9.232,6,7.037,0.848,96.141,95.963,98.0
zone_4,2026-01-22,1,142.958,167.141,1,1.872,4,2.415,12.218,5,7.037,0.848,96.141,95.998,98.0
zone_4,2026-01-29,0,139.489,145.617,0,2.801,2,2.704,11.531,7,7.037,0.848,96.141,94.648,98.0
zone_4,2026-02-05,0,180.273,197.096,1,3.345,1,1.906,10.356,8,7.037,0.848,96.141,99.721,98.0
zone_4,2026-02-12,1,179.453,193.077,3,2.192,0,4.14,10.724,6,7.037,0.848,96.141,100.0,98.0
zone_4,2026-02-19,0,177.953,223.392,0,0.49,3,3.036,12.072,6,7.037,0.848,96.141,100.0,98.0
zone_4,2026-02-26,0,159.2,182.818,0,3.335,1,3.642,10.996,7,7.037,0.848,96.141,98.928,98.0
zone_4,2026-03-05,0,169.978,177.97,0,2.588,1,4.263,8.941,7,7.037,0.848,96.141,100.0,98.0
zone_4,2026-03-12,0,186.283,208.858,1,1.604,1,3.146,9.519,9,7.037,0.848,96.141,97.904,98.0
zone_4,2026-03-19,1,189.661,219.291,1,2.517,1,4.441,9.351,5,7.037,0.848,96.141,97.714,98.0
zone_5,2024-02-01,3,75.729,89.905,1,2.592,1,3.226,8.852,7,9.038,0.519,7.287,35.117,98.0
zone_5,2024-02-08,1,70.909,96.517,1,2.05,0,1.888,12.854,7,9.038,0.519,7.287,46.754,98.0
zone_5,2024-02-15,0,93.684,119.852,0,1.931,1,2.579,8.022,6,9.038,0.519,7.287,58.148,96.23965769299684
zone_5,2024-02-22,1,65.946,90.007,1,1.091,2,2.808,7.048,8,9.038,0.519,7.287,65.358,96.07543199983438
zone_5,2024-02-29,0,84.503,93.09,0,2.189,3,4.591,10.87,6,9.038,0.519,7.287,69.96,98.0
zone_5,2024-03-07,4,100.534,125.722,0,3.515,3,2.486,10.974,5,9.038,0.519,7.287,77.586,98.0
zone_5,2024-03-14,3,86.929,117.527,0,2.222,0,4.222,9.497,5,9.038,0.519,7.287,78.371,98.0
zone_5,2024-03-21,1,101.386,130.442,2,2.568,0,3.987,9.898,8,9.038,0.519,7.287,84.859,98.0
zone_5,2024-03-28,2,109.787,139.282,0,2.634,1,2.639,10.007,6,9.038,0.519,7.287,90.899,98.0
zone_5,2024-04-04,1,82.453,102.873,1,2.403,0,2.831,10.808,7,9.038,0.519,7.287,95.755,98.0
zone_5,2024-04-11,0,86.227,109.843,0,3.907,2,1.947,9.861,8,9.038,0.519,7.287,96.321,98.0
zone_5,2024-04-18,2,86.57,110.801,0,1.039,2,3.672,7.256,3,9.038,0.519,7.287,97.839,98.0
zone_5,2024-04-25,0,57.063,86.86,1,3.249,3,2.322,10.656,5,9.038,0.519,7.287,99.198,98.0
zone_5,2024-05-02,2,62.198,88.442,2,4.108,1,2.907,9.557,9,9.038,0.519,7.287,99.218,98.0
zone_5,2024-05-09,0,73.078,91.479,1,1.805,2,2.175,11.623,5,9.038,0.519,7.287,99.849,98.0
zone_5,2024-05-16,1,46.527,71.074,0,1.704,2,2.655,7.926,3,9.038,0.519,7.287,100.0,89.13856692538027
zone_5,2024-05-23,2,87.449,109.075,0,2.807,3,2.793,9.991,2,9.038,0.519,7.287,98.275,98.0
zone_5,2024-05-30,2,78.948,99.324,0,3.264,3,1.566,10.295,3,9.038,0.519,7.287,99.63,98.0
zone_5,2024-06-06,0,53.716,68.566,2,3.64,1,2.301,8.046,6,9.038,0.519,7.287,100.0,95.6246998409181
zone_5,2024-06-13,0,60.4,97.465,0,0.855,1,3.965,7.7,7,9.038,0.519,7.287,97.51,98.0
zone_5,2024-06-20,0,45.501,62.293,1,2.845,0,1.843,8.149,7,9.038,0.519,7.287,97.292,95.49949514859787
zone_5,2024-06-27,1,44.12,65.364,0,3.843,0,3.708,9.579,3,9.038,0.519,7.287,95.892,93.33512254512189
zone_5,2024-07-04,0,23.498,32.841,0,2.279,0,5.261,6.284,9,9.038,0.519,7.287,93.454,86.38045885159515
zone_5,2024-07-11,1,26.213,28.59,0,0.827,2,2.246,7.953,2,9.038,0.519,7.287,89.141,77.295911237181
zone_5,2024-07-18,0,29.148,52.864,2,2.156,1,2.384,10.238,5,9.038,0.519,7.287,86.102,89.58637337026123
zone_5,2024-07-25,0,31.714,71.282,0,1.926,0,3.16,6.573,5,9.038,0.519,7.287,87.148,77.2186515472884
zone_5,2024-08-01,0,7.666,18.64,0,4.198,0,4.039,6.588,4,9.038,0.519,7.287,88.066,67.42704716549062
zone_5,2024-08-08,1,28.619,52.548,1,2.37,0,1.383,8.089,4,9.038,0.519,7.287,81.035,81.79829242463299
zone_5,2024-08-15,0,0.0,18.908,3,3.153,2,0.733,8.915,3,9.038,0.519,7.287,79.07,68.39395577916981
zone_5,2024-08-22,1,9.002,27.367,1,1.166,1,2.3,7.093,3,9.038,0.519,7.287,75.332,67.83675892467953
zone_5,2024-08-29,0,26.271,51.63,0,4.283,0,0.968,6.514,2,9.038,0.519,7.287,77.062,64.31608666339342
zone_5,2024-09-05,0,18.291,32.148,0,1.115,1,0.865,6.178,6,9.038,0.519,7.287,77.935,71.88539052814937
zone_5,2024-09-12,0,18.14,38.667,0,2.028,3,2.757,6.066,4,9.038,0.519,7.287,73.822,64.79812156581181
zone_5,2024-09-19,0,21.389,35.4,0,1.369,2,1.206,8.866,2,9.038,0.519,7.287,73.714,70.52710973360813
zone_5,2024-09-26,1,9.634,24.63,0,2.961,1,2.272,8.106,3,9.038,0.519,7.287,75.129,71.68741136197765
zone_5,2024-10-03,0,17.644,37.808,1,2.17,1,2.861,7.0,6,9.038,0.519,7.287,77.411,74.55622395391796
zone_5,2024-10-10,1,38.885,57.633,0,1.163,0,4.249,6.935,3,9.038,0.519,7.287,76.64,76.7459446793515
zone_5,2024-10-17,0,36.314,66.357,0,4.014,0,2.706,8.062,6,9.038,0.519,7.287,79.114,84.62381214882758
zone_5,2024-10-24,0,22.996,50.409,1,1.216,3,3.057,5.264,5,9.038,0.519,7.287,79.073,67.53412640649563
zone_5,2024-10-31,0,20.01,38.389,0,2.737,1,2.869,8.1,7,9.038,0.519,7.287,79.028,82.50733982510582
zone_5,2024-11-07,1,12.781,37.288,0,2.482,2,3.082,6.338,3,9.038,0.519,7.287,81.674,67.96705264440509
zone_5,2024-11-14,1,35.371,50.898,1,3.18,0,4.728,6.549,4,9.038,0.519,7.287,81.905,78.45478391069031
zone_5,2024-11-21,1,44.244,81.024,0,0.753,1,3.086,8.45,8,9.038,0.519,7.287,79.056,98.0
zone_5,2024-11-28,1,33.717,49.458,2,1.697,0,5.821,7.443,4,9.038,0.519,7.287,86.741,82.55682155813936
zone_5,2024-12-05,0,55.222,86.736,0,0.416,2,1.502,10.383,5,9.038,0.519,7.287,87.935,98.0
zone_5,2024-12-12,0,44.387,69.365,0,3.388,1,3.706,8.513,6,9.038,0.519,7.287,89.46,91.59093041917032
zone_5,2024-12-19,0,73.53,88.893,0,3.007,1,2.075,10.113,9,9.038,0.519,7.287,88.252,98.0
zone_5,2024-12-26,0,53.173,68.985,2,3.811,0,5.332,7.824,5,9.038,0.519,7.287,89.684,89.06067282197638
zone_5,2025-01-02,2,72.748,78.555,1,2.928,3,1.344,8.57,6,9.038,0.519,7.287,88.238,98.0
zone_5,2025-01-09,1,57.321,80.403,0,3.368,0,1.869,10.457,8,9.038,0.519,7.287,90.05,98.0
zone_5,2025-01-16,2,71.556,80.503,0,1.07,2,3.08,7.872,5,9.038,0.519,7.287,89.725,98.0
zone_5,2025-01-23,0,61.173,92.056,0,2.105,0,3.705,5.366,6,9.038,0.519,7.287,88.185,84.82949510609743
zone_5,2025-01-30,2,86.175,113.893,0,1.938,0,3.217,9.071,9,9.038,0.519,7.287,87.416,98.0
zone_5,2025-02-06,0,86.906,114.111,1,2.809,0,4.363,9.879,6,9.038,0.519,7.287,90.214,98.0
zone_5,2025-02-13,2,101.069,121.004,0,1.878,1,2.269,10.209,6,9.038,0.519,7.287,95.215,98.0
zone_5,2025-02-20,2,93.888,124.199,1,2.873,1,4.603,11.082,6,9.038,0.519,7.287,95.021,98.0
zone_5,2025-02-27,0,74.813,80.901,0,0.094,0,2.728,9.692,5,9.038,0.519,7.287,95.944,98.0
zone_5,2025-03-06,1,107.043,132.34,0,1.432,3,2.953,10.427,2,9.038,0.519,7.287,95.672,98.0
zone_5,2025-03-13,1,98.484,122.093,1,2.958,3,2.287,10.847,5,9.038,0.519,7.287,96.056,98.0
zone_5,2025-03-20,2,93.939,112.837,0,2.614,3,3.669,10.565,8,9.038,0.519,7.287,95.071,98.0
zone_5,2025-03-27,0,93.565,123.733,1,3.353,2,1.711,8.538,6,9.038,0.519,7.287,97.496,98.0
zone_5,2025-04-03,0,69.266,94.465,1,2.16,5,2.716,9.826,5,9.038,0.519,7.287,96.96,98.0
zone_5,2025-04-10,0,91.131,109.241,0,2.193,5,1.888,9.458,3,9.038,0.519,7.287,97.297,98.0
zone_5,2025-04-17,1,97.371,129.271,0,2.786,0,1.237,10.75,2,9.038,0.519,7.287,96.027,98.0
zone_5,2025-04-24,2,86.471,109.796,0,1.553,2,3.865,11.837,5,9.038,0.519,7.287,95.528,98.0
zone_5,2025-05-01,1,68.961,87.812,1,2.842,3,2.936,10.31,4,9.038,0.519,7.287,94.974,98.0
zone_5,2025-05-08,0,60.498,80.009,0,2.783,2,2.351,9.165,3,9.038,0.519,7.287,90.58,90.95917994014991
zone_5,2025-05-15,1,75.24,89.58,1,1.546,0,2.606,8.694,3,9.038,0.519,7.287,93.493,98.0
zone_5,2025-05-22,2,69.503,86.929,1,1.633,1,3.022,8.196,6,9.038,0.519,7.287,94.55,98.0
zone_5,2025-05-29,2,54.705,81.26,0,3.575,1,4.179,6.659,9,9.038,0.519,7.287,93.309,98.0
zone_5,2025-06-05,1,25.762,44.982,0,3.012,6,2.293,8.294,4,9.038,0.519,7.287,99.135,86.65623968316281
zone_5,2025-06-12,0,70.554,95.193,1,1.932,1,1.805,10.74,9,9.038,0.519,7.287,97.736,98.0
zone_5,2025-06-19,0,57.215,67.36,0,1.113,1,2.642,9.925,3,9.038,0.519,7.287,97.292,94.58867928622789
zone_5,2025-06-26,0,39.575,72.499,0,1.71,2,4.31,7.893,5,9.038,0.519,7.287,100.0,87.99330667075559
zone_5,2025-07-03,0,24.421,35.251,0,0.288,2,2.356,5.53,5,9.038,0.519,7.287,96.035,73.60800589051338
zone_5,2025-07-10,0,45.438,63.73,1,2.099,1,3.655,8.639,8,9.038,0.519,7.287,86.914,97.17339412943939
zone_5,2025-07-17,1,28.398,40.367,0,3.68,2,3.363,7.165,6,9.038,0.519,7.287,90.982,86.5787201645675
zone_5,2025-07-24,0,30.645,56.213,0,2.8,1,2.501,5.811,8,9.038,0.519,7.287,90.071,83.15215361845895
zone_5,2025-07-31,1,43.175,60.072,1,4.072,1,1.462,8.402,9,9.038,0.519,7.287,91.78,98.0
zone_5,2025-08-07,0,18.162,28.82,1,0.965,1,2.965,5.253,7,9.038,0.519,7.287,93.084,75.37022270643342
zone_5,2025-08-14,1,9.75,15.653,0,2.944,1,2.204,7.082,8,9.038,0.519,7.287,88.809,85.48063832751133
zone_5,2025-08-21,0,24.646,32.122,1,2.077,1,2.502,8.622,3,9.038,0.519,7.287,87.446,77.15462292749767
zone_5,2025-08-28,0,16.9,39.696,0,1.125,0,3.049,6.174,4,9.038,0.519,7.287,86.944,68.4231688605623
zone_5,2025-09-04,0,9.684,28.654,1,2.473,4,2.74,7.058,6,9.038,0.519,7.287,83.508,74.01573833068326
zone_5,2025-09-11,0,19.844,39.959,0,3.583,0,4.952,5.564,5,9.038,0.519,7.287,79.333,67.74378860975453
zone_5,2025-09-18,0,12.57,37.629,2,3.43,0,2.668,9.581,4,9.038,0.519,7.287,76.896,76.82855670931703
zone_5,2025-09-25,0,11.652,31.743,0,4.44,0,2.988,4.808,7,9.038,0.519,7.287,74.297,66.58059469275449
zone_5,2025-10-02,0,17.91,41.76,0,2.851,3,2.779,6.78,2,9.038,0.519,7.287,72.906,61.59331330083287
zone_5,2025-10-09,0,12.043,28.152,0,0.494,0,3.875,6.417,4,9.038,0.519,7.287,72.163,63.76458306482866
zone_5,2025-10-16,0,19.542,31.298,1,1.826,2,2.065,7.123,2,9.038,0.519,7.287,70.808,62.77159867022512
zone_5,2025-10-23,0,6.201,17.666,2,2.96,0,3.043,7.064,9,9.038,0.519,7.287,67.134,76.71773770371166
zone_5,2025-10-30,0,14.873,40.353,0,1.358,2,1.565,9.09,1,9.038,0.519,7.287,70.312,65.67252197521789
zone_5,2025-11-06,0,44.795,64.554,0,1.97,0,3.226,5.523,6,9.038,0.519,7.287,68.983,75.11908798052988
zone_5,2025-11-13,1,36.235,67.764,2,1.369,0,2.383,8.165,5,9.038,0.519,7.287,70.442,84.24159052948768
zone_5,2025-11-20,1,53.892,79.966,0,4.051,1,2.774,7.563,4,9.038,0.519,7.287,75.601,86.09899112212581
zone_5,2025-11-27,0,27.133,45.604,1,2.656,2,1.634,11.221,7,9.038,0.519,7.287,78.943,96.10485039265241
zone_5,2025-12-04,1,67.077,77.727,1,2.732,3,2.508,6.667,3,9.038,0.519,7.287,82.794,86.0704530480188
zone_5,2025-12-11,0,41.702,67.625,1,2.537,0,3.038,9.544,7,9.038,0.519,7.287,84.256,95.86957773474803
zone_5,2025-12-18,0,42.384,62.992,2,1.992,2,1.262,7.999,5,9.038,0.519,7.287,85.959,85.38035240086349
zone_5,2025-12-25,0,46.758,63.55,0,1.538,3,3.136,10.322,4,9.038,0.519,7.287,82.934,91.65257592504912
zone_5,2026-01-01,1,71.733,103.666,0,2.707,1,3.086,8.767,5,9.038,0.519,7.287,86.212,98.0
zone_5,2026-01-08,2,76.88,90.32,0,0.048,1,3.155,10.232,7,9.038,0.519,7.287,86.144,98.0
zone_5,2026-01-15,1,81.289,105.441,0,3.101,3,3.029,10.967,4,9.038,0.519,7.287,89.063,98.0
zone_5,2026-01-22,1,68.783,101.415,2,2.424,2,4.299,5.957,7,9.038,0.519,7.287,92.102,97.54808238849556
zone_5,2026-01-29,1,62.192,84.884,2,2.113,1,3.922,9.312,3,9.038,0.519,7.287,92.523,96.95098237995239
zone_5,2026-02-05,0,93.168,108.794,0,0.891,3,1.538,10.87,8,9.038,0.519,7.287,90.039,98.0
zone_5,2026-02-12,2,83.475,106.823,0,3.19,1,1.356,9.843,6,9.038,0.519,7.287,91.258,98.0
zone_5,2026-02-19,2,81.248,89.973,0,2.143,2,2.152,9.208,6,9.038,0.519,7.287,90.318,98.0
zone_5,2026-02-26,1,82.942,99.556,0,1.642,3,1.999,11.379,5,9.038,0.519,7.287,92.15,98.0
zone_5,2026-03-05,2,105.895,130.427,0,3.409,3,3.277,10.456,4,9.038,0.519,7.287,92.44,98.0
zone_5,2026-03-12,0,92.016,108.687,1,2.863,2,2.844,10.129,5,9.038,0.519,7.287,93.372,98.0
zone_5,2026-03-19,1,105.244,136.333,1,2.01,5,3.781,8.891,5,9.038,0.519,7.287,93.321,98.0
