zone_id,week_start,risk_score_0_100,risk_bin,scored_utc
zone_1,2024-02-01,97.998055,high,2026-04-13T06:57:46.367099+00:00
zone_1,2024-02-08,98.00638,high,2026-04-13T06:57:46.367099+00:00
zone_1,2024-02-15,97.99406,high,2026-04-13T06:57:46.367099+00:00
zone_1,2024-02-22,98.00065,high,2026-04-13T06:57:46.367099+00:00
zone_1,2024-02-29,97.99385,high,2026-04-13T06:57:46.367099+00:00
zone_1,2024-03-07,97.991196,high,2026-04-13T06:57:46.367099+00:00
zone_1,2024-03-14,98.00341,high,2026-04-13T06:57:46.367099+00:00
zone_1,2024-03-21,98.00617,high,2026-04-13T06:57:46.367099+00:00
zone_1,2024-03-28,98.00005,high,2026-04-13T06:57:46.367099+00:00
zone_1,2024-04-04,97.99713,high,2026-04-13T06:57:46.367099+00:00
zone_1,2024-04-11,98.00438,high,2026-04-13T06:57:46.367099+00:00
zone_1,2024-04-18,97.999825,high,2026-04-13T06:57:46.367099+00:00
zone_1,2024-04-25,97.99698,high,2026-04-13T06:57:46.367099+00:00
zone_1,2024-05-02,98.000435,high,2026-04-13T06:57:46.367099+00:00
zone_1,2024-05-09,97.98369,high,2026-04-13T06:57:46.367099+00:00
zone_1,2024-05-16,97.99932,high,2026-04-13T06:57:46.367099+00:00
zone_1,2024-05-23,98.01119,high,2026-04-13T06:57:46.367099+00:00
zone_1,2024-05-30,98.00855,high,2026-04-13T06:57:46.367099+00:00
zone_1,2024-06-06,95.41987,high,2026-04-13T06:57:46.367099+00:00
zone_1,2024-06-13,97.99464,high,2026-04-13T06:57:46.367099+00:00
zone_1,2024-06-20,97.998764,high,2026-04-13T06:57:46.367099+00:00
zone_1,2024-06-27,98.00068,high,2026-04-13T06:57:46.367099+00:00
zone_1,2024-07-04,98.0014,high,2026-04-13T06:57:46.367099+00:00
zone_1,2024-07-11,98.00729,high,2026-04-13T06:57:46.367099+00:00
zone_1,2024-07-18,97.993324,high,2026-04-13T06:57:46.367099+00:00
zone_1,2024-07-25,97.99889,high,2026-04-13T06:57:46.367099+00:00
zone_1,2024-08-01,79.65844,high,2026-04-13T06:57:46.367099+00:00
zone_1,2024-08-08,81.42356,high,2026-04-13T06:57:46.367099+00:00
zone_1,2024-08-15,72.194145,high,2026-04-13T06:57:46.367099+00:00
zone_1,2024-08-22,82.466385,high,2026-04-13T06:57:46.367099+00:00
zone_1,2024-08-29,67.0321,high,2026-04-13T06:57:46.367099+00:00
zone_1,2024-09-05,81.2093,high,2026-04-13T06:57:46.367099+00:00
zone_1,2024-09-12,71.99023,high,2026-04-13T06:57:46.367099+00:00
zone_1,2024-09-19,62.657494,medium,2026-04-13T06:57:46.367099+00:00
zone_1,2024-09-26,75.41369,high,2026-04-13T06:57:46.367099+00:00
zone_1,2024-10-03,83.850174,high,2026-04-13T06:57:46.367099+00:00
zone_1,2024-10-10,65.522026,medium,2026-04-13T06:57:46.367099+00:00
zone_1,2024-10-17,93.81871,high,2026-04-13T06:57:46.367099+00:00
zone_1,2024-10-24,58.40188,medium,2026-04-13T06:57:46.367099+00:00
zone_1,2024-10-31,86.7643,high,2026-04-13T06:57:46.367099+00:00
zone_1,2024-11-07,97.99567,high,2026-04-13T06:57:46.367099+00:00
zone_1,2024-11-14,71.09785,high,2026-04-13T06:57:46.367099+00:00
zone_1,2024-11-21,97.98215,high,2026-04-13T06:57:46.367099+00:00
zone_1,2024-11-28,88.8201,high,2026-04-13T06:57:46.367099+00:00
zone_1,2024-12-05,97.99493,high,2026-04-13T06:57:46.367099+00:00
zone_1,2024-12-12,97.997955,high,2026-04-13T06:57:46.367099+00:00
zone_1,2024-12-19,98.00223,high,2026-04-13T06:57:46.367099+00:00
zone_1,2024-12-26,97.997406,high,2026-04-13T06:57:46.367099+00:00
zone_1,2025-01-02,98.00254,high,2026-04-13T06:57:46.367099+00:00
zone_1,2025-01-09,98.00027,high,2026-04-13T06:57:46.367099+00:00
zone_1,2025-01-16,98.00052,high,2026-04-13T06:57:46.367099+00:00
zone_1,2025-01-23,97.99991,high,2026-04-13T06:57:46.367099+00:00
zone_1,2025-01-30,97.99478,high,2026-04-13T06:57:46.367099+00:00
zone_1,2025-02-06,98.006615,high,2026-04-13T06:57:46.367099+00:00
zone_1,2025-02-13,97.993835,high,2026-04-13T06:57:46.367099+00:00
zone_1,2025-02-20,98.00008,high,2026-04-13T06:57:46.367099+00:00
zone_1,2025-02-27,98.01103,high,2026-04-13T06:57:46.367099+00:00
zone_1,2025-03-06,98.002686,high,2026-04-13T06:57:46.367099+00:00
zone_1,2025-03-13,98.00744,high,2026-04-13T06:57:46.367099+00:00
zone_1,2025-03-20,98.00382,high,2026-04-13T06:57:46.367099+00:00
zone_1,2025-03-27,98.00094,high,2026-04-13T06:57:46.367099+00:00
zone_1,2025-04-03,98.00301,high,2026-04-13T06:57:46.367099+00:00
zone_1,2025-04-10,97.99529,high,2026-04-13T06:57:46.367099+00:00
zone_1,2025-04-17,97.98957,high,2026-04-13T06:57:46.367099+00:00
zone_1,2025-04-24,97.99904,high,2026-04-13T06:57:46.367099+00:00
zone_1,2025-05-01,97.99118,high,2026-04-13T06:57:46.367099+00:00
zone_1,2025-05-08,98.012634,high,2026-04-13T06:57:46.367099+00:00
zone_1,2025-05-15,98.00208,high,2026-04-13T06:57:46.367099+00:00
zone_1,2025-05-22,97.99661,high,2026-04-13T06:57:46.367099+00:00
zone_1,2025-05-29,98.01404,high,2026-04-13T06:57:46.367099+00:00
zone_1,2025-06-05,97.98784,high,2026-04-13T06:57:46.367099+00:00
zone_1,2025-06-12,97.998886,high,2026-04-13T06:57:46.367099+00:00
zone_1,2025-06-19,98.005,high,2026-04-13T06:57:46.367099+00:00
zone_1,2025-06-26,97.99882,high,2026-04-13T06:57:46.367099+00:00
zone_1,2025-07-03,90.280624,high,2026-04-13T06:57:46.367099+00:00
zone_1,2025-07-10,97.999565,high,2026-04-13T06:57:46.367099+00:00
zone_1,2025-07-17,97.99845,high,2026-04-13T06:57:46.367099+00:00
zone_1,2025-07-24,90.48707,high,2026-04-13T06:57:46.367099+00:00
zone_1,2025-07-31,98.007805,high,2026-04-13T06:57:46.367099+00:00
zone_1,2025-08-07,83.05448,high,2026-04-13T06:57:46.367099+00:00
zone_1,2025-08-14,92.36314,high,2026-04-13T06:57:46.367099+00:00
zone_1,2025-08-21,81.92872,high,2026-04-13T06:57:46.367099+00:00
zone_1,2025-08-28,77.8218,high,2026-04-13T06:57:46.367099+00:00
zone_1,2025-09-04,92.13637,high,2026-04-13T06:57:46.367099+00:00
zone_1,2025-09-11,64.59572,medium,2026-04-13T06:57:46.367099+00:00
zone_1,2025-09-18,77.385475,high,2026-04-13T06:57:46.367099+00:00
zone_1,2025-09-25,61.11275,medium,2026-04-13T06:57:46.367099+00:00
zone_1,2025-10-02,60.07476,medium,2026-04-13T06:57:46.367099+00:00
zone_1,2025-10-09,80.787506,high,2026-04-13T06:57:46.367099+00:00
zone_1,2025-10-16,88.60984,high,2026-04-13T06:57:46.367099+00:00
zone_1,2025-10-23,81.16345,high,2026-04-13T06:57:46.367099+00:00
zone_1,2025-10-30,84.069374,high,2026-04-13T06:57:46.367099+00:00
zone_1,2025-11-06,96.752884,high,2026-04-13T06:57:46.367099+00:00
zone_1,2025-11-13,93.41973,high,2026-04-13T06:57:46.367099+00:00
zone_1,2025-11-20,94.62368,high,2026-04-13T06:57:46.367099+00:00
zone_1,2025-11-27,94.141884,high,2026-04-13T06:57:46.367099+00:00
zone_1,2025-12-04,97.96414,high,2026-04-13T06:57:46.367099+00:00
zone_1,2025-12-11,97.99807,high,2026-04-13T06:57:46.367099+00:00
zone_1,2025-12-18,98.06352,high,2026-04-13T06:57:46.367099+00:00
zone_1,2025-12-25,91.71173,high,2026-04-13T06:57:46.367099+00:00
zone_1,2026-01-01,97.8967,high,2026-04-13T06:57:46.367099+00:00
zone_1,2026-01-08,97.949844,high,2026-04-13T06:57:46.367099+00:00
zone_1,2026-01-15,97.9945,high,2026-04-13T06:57:46.367099+00:00
zone_1,2026-01-22,97.921036,high,2026-04-13T06:57:46.367099+00:00
zone_1,2026-01-29,98.21058,high,2026-04-13T06:57:46.367099+00:00
zone_1,2026-02-05,98.010254,high,2026-04-13T06:57:46.367099+00:00
zone_1,2026-02-12,97.98185,high,2026-04-13T06:57:46.367099+00:00
zone_1,2026-02-19,97.75951,high,2026-04-13T06:57:46.367099+00:00
zone_1,2026-02-26,97.97376,high,2026-04-13T06:57:46.367099+00:00
zone_1,2026-03-05,98.04101,high,2026-04-13T06:57:46.367099+00:00
zone_1,2026-03-12,98.00369,high,2026-04-13T06:57:46.367099+00:00
zone_1,2026-03-19,98.037285,high,2026-04-13T06:57:46.367099+00:00
zone_2,2024-02-01,98.00278,high,2026-04-13T06:57:46.367099+00:00
zone_2,2024-02-08,98.004616,high,2026-04-13T06:57:46.367099+00:00
zone_2,2024-02-15,98.00317,high,2026-04-13T06:57:46.367099+00:00
zone_2,2024-02-22,97.99075,high,2026-04-13T06:57:46.367099+00:00
zone_2,2024-02-29,97.993904,high,2026-04-13T06:57:46.367099+00:00
zone_2,2024-03-07,98.0033,high,2026-04-13T06:57:46.367099+00:00
zone_2,2024-03-14,97.99893,high,2026-04-13T06:57:46.367099+00:00
zone_2,2024-03-21,98.00201,high,2026-04-13T06:57:46.367099+00:00
zone_2,2024-03-28,97.998985,high,2026-04-13T06:57:46.367099+00:00
zone_2,2024-04-04,98.00258,high,2026-04-13T06:57:46.367099+00:00
zone_2,2024-04-11,98.000275,high,2026-04-13T06:57:46.367099+00:00
zone_2,2024-04-18,98.000565,high,2026-04-13T06:57:46.367099+00:00
zone_2,2024-04-25,97.99668,high,2026-04-13T06:57:46.367099+00:00
zone_2,2024-05-02,98.00585,high,2026-04-13T06:57:46.367099+00:00
zone_2,2024-05-09,97.99721,high,2026-04-13T06:57:46.367099+00:00
zone_2,2024-05-16,98.0019,high,2026-04-13T06:57:46.367099+00:00
zone_2,2024-05-23,97.99463,high,2026-04-13T06:57:46.367099+00:00
zone_2,2024-05-30,98.00089,high,2026-04-13T06:57:46.367099+00:00
zone_2,2024-06-06,97.99971,high,2026-04-13T06:57:46.367099+00:00
zone_2,2024-06-13,98.00228,high,2026-04-13T06:57:46.367099+00:00
zone_2,2024-06-20,97.999176,high,2026-04-13T06:57:46.367099+00:00
zone_2,2024-06-27,97.99751,high,2026-04-13T06:57:46.367099+00:00
zone_2,2024-07-04,94.48407,high,2026-04-13T06:57:46.367099+00:00
zone_2,2024-07-11,96.28663,high,2026-04-13T06:57:46.367099+00:00
zone_2,2024-07-18,98.00641,high,2026-04-13T06:57:46.367099+00:00
zone_2,2024-07-25,93.71643,high,2026-04-13T06:57:46.367099+00:00
zone_2,2024-08-01,75.99952,high,2026-04-13T06:57:46.367099+00:00
zone_2,2024-08-08,84.234955,high,2026-04-13T06:57:46.367099+00:00
zone_2,2024-08-15,96.476036,high,2026-04-13T06:57:46.367099+00:00
zone_2,2024-08-22,96.38276,high,2026-04-13T06:57:46.367099+00:00
zone_2,2024-08-29,80.93895,high,2026-04-13T06:57:46.367099+00:00
zone_2,2024-09-05,73.18009,high,2026-04-13T06:57:46.367099+00:00
zone_2,2024-09-12,76.22315,high,2026-04-13T06:57:46.367099+00:00
zone_2,2024-09-19,83.099815,high,2026-04-13T06:57:46.367099+00:00
zone_2,2024-09-26,68.09952,high,2026-04-13T06:57:46.367099+00:00
zone_2,2024-10-03,71.04154,high,2026-04-13T06:57:46.367099+00:00
zone_2,2024-10-10,90.08657,high,2026-04-13T06:57:46.367099+00:00
zone_2,2024-10-17,69.25832,high,2026-04-13T06:57:46.367099+00:00
zone_2,2024-10-24,74.749626,high,2026-04-13T06:57:46.367099+00:00
zone_2,2024-10-31,89.56165,high,2026-04-13T06:57:46.367099+00:00
zone_2,2024-11-07,97.9944,high,2026-04-13T06:57:46.367099+00:00
zone_2,2024-11-14,97.99485,high,2026-04-13T06:57:46.367099+00:00
zone_2,2024-11-21,95.851006,high,2026-04-13T06:57:46.367099+00:00
zone_2,2024-11-28,96.32188,high,2026-04-13T06:57:46.367099+00:00
zone_2,2024-12-05,98.00734,high,2026-04-13T06:57:46.367099+00:00
zone_2,2024-12-12,98.00335,high,2026-04-13T06:57:46.367099+00:00
zone_2,2024-12-19,97.9833,high,2026-04-13T06:57:46.367099+00:00
zone_2,2024-12-26,97.99909,high,2026-04-13T06:57:46.367099+00:00
zone_2,2025-01-02,97.999725,high,2026-04-13T06:57:46.367099+00:00
zone_2,2025-01-09,97.994225,high,2026-04-13T06:57:46.367099+00:00
zone_2,2025-01-16,97.99695,high,2026-04-13T06:57:46.367099+00:00
zone_2,2025-01-23,98.00039,high,2026-04-13T06:57:46.367099+00:00
zone_2,2025-01-30,97.99927,high,2026-04-13T06:57:46.367099+00:00
zone_2,2025-02-06,97.99544,high,2026-04-13T06:57:46.367099+00:00
zone_2,2025-02-13,97.99874,high,2026-04-13T06:57:46.367099+00:00
zone_2,2025-02-20,98.00397,high,2026-04-13T06:57:46.367099+00:00
zone_2,2025-02-27,97.995514,high,2026-04-13T06:57:46.367099+00:00
zone_2,2025-03-06,98.001076,high,2026-04-13T06:57:46.367099+00:00
zone_2,2025-03-13,98.00403,high,2026-04-13T06:57:46.367099+00:00
zone_2,2025-03-20,97.9996,high,2026-04-13T06:57:46.367099+00:00
zone_2,2025-03-27,97.99271,high,2026-04-13T06:57:46.367099+00:00
zone_2,2025-04-03,97.998344,high,2026-04-13T06:57:46.367099+00:00
zone_2,2025-04-10,97.99641,high,2026-04-13T06:57:46.367099+00:00
zone_2,2025-04-17,97.99899,high,2026-04-13T06:57:46.367099+00:00
zone_2,2025-04-24,97.99577,high,2026-04-13T06:57:46.367099+00:00
zone_2,2025-05-01,98.00201,high,2026-04-13T06:57:46.367099+00:00
zone_2,2025-05-08,98.00256,high,2026-04-13T06:57:46.367099+00:00
zone_2,2025-05-15,97.99867,high,2026-04-13T06:57:46.367099+00:00
zone_2,2025-05-22,97.997856,high,2026-04-13T06:57:46.367099+00:00
zone_2,2025-05-29,98.000145,high,2026-04-13T06:57:46.367099+00:00
zone_2,2025-06-05,97.99221,high,2026-04-13T06:57:46.367099+00:00
zone_2,2025-06-12,86.418274,high,2026-04-13T06:57:46.367099+00:00
zone_2,2025-06-19,97.99529,high,2026-04-13T06:57:46.367099+00:00
zone_2,2025-06-26,98.003365,high,2026-04-13T06:57:46.367099+00:00
zone_2,2025-07-03,95.87138,high,2026-04-13T06:57:46.367099+00:00
zone_2,2025-07-10,90.3881,high,2026-04-13T06:57:46.367099+00:00
zone_2,2025-07-17,97.996475,high,2026-04-13T06:57:46.367099+00:00
zone_2,2025-07-24,97.98132,high,2026-04-13T06:57:46.367099+00:00
zone_2,2025-07-31,97.99681,high,2026-04-13T06:57:46.367099+00:00
zone_2,2025-08-07,94.943474,high,2026-04-13T06:57:46.367099+00:00
zone_2,2025-08-14,79.96657,high,2026-04-13T06:57:46.367099+00:00
zone_2,2025-08-21,88.03612,high,2026-04-13T06:57:46.367099+00:00
zone_2,2025-08-28,77.32616,high,2026-04-13T06:57:46.367099+00:00
zone_2,2025-09-04,66.051674,high,2026-04-13T06:57:46.367099+00:00
zone_2,2025-09-11,86.11088,high,2026-04-13T06:57:46.367099+00:00
zone_2,2025-09-18,64.40679,medium,2026-04-13T06:57:46.367099+00:00
zone_2,2025-09-25,65.75711,medium,2026-04-13T06:57:46.367099+00:00
zone_2,2025-10-02,86.480774,high,2026-04-13T06:57:46.367099+00:00
zone_2,2025-10-09,92.06088,high,2026-04-13T06:57:46.367099+00:00
zone_2,2025-10-16,85.424866,high,2026-04-13T06:57:46.367099+00:00
zone_2,2025-10-23,88.81345,high,2026-04-13T06:57:46.367099+00:00
zone_2,2025-10-30,75.43664,high,2026-04-13T06:57:46.367099+00:00
zone_2,2025-11-06,97.20657,high,2026-04-13T06:57:46.367099+00:00
zone_2,2025-11-13,85.26823,high,2026-04-13T06:57:46.367099+00:00
zone_2,2025-11-20,98.15812,high,2026-04-13T06:57:46.367099+00:00
zone_2,2025-11-27,97.86522,high,2026-04-13T06:57:46.367099+00:00
zone_2,2025-12-04,97.448784,high,2026-04-13T06:57:46.367099+00:00
zone_2,2025-12-11,98.071846,high,2026-04-13T06:57:46.367099+00:00
zone_2,2025-12-18,98.00701,high,2026-04-13T06:57:46.367099+00:00
zone_2,2025-12-25,97.83063,high,2026-04-13T06:57:46.367099+00:00
zone_2,2026-01-01,98.00408,high,2026-04-13T06:57:46.367099+00:00
zone_2,2026-01-08,97.98902,high,2026-04-13T06:57:46.367099+00:00
zone_2,2026-01-15,98.05224,high,2026-04-13T06:57:46.367099+00:00
zone_2,2026-01-22,98.008705,high,2026-04-13T06:57:46.367099+00:00
zone_2,2026-01-29,98.01728,high,2026-04-13T06:57:46.367099+00:00
zone_2,2026-02-05,98.00171,high,2026-04-13T06:57:46.367099+00:00
zone_2,2026-02-12,97.97838,high,2026-04-13T06:57:46.367099+00:00
zone_2,2026-02-19,96.92194,high,2026-04-13T06:57:46.367099+00:00
zone_2,2026-02-26,97.986755,high,2026-04-13T06:57:46.367099+00:00
zone_2,2026-03-05,98.07863,high,2026-04-13T06:57:46.367099+00:00
zone_2,2026-03-12,98.061066,high,2026-04-13T06:57:46.367099+00:00
zone_2,2026-03-19,97.998825,high,2026-04-13T06:57:46.367099+00:00
zone_3,2024-02-01,89.77013,high,2026-04-13T06:57:46.367099+00:00
zone_3,2024-02-08,97.99949,high,2026-04-13T06:57:46.367099+00:00
zone_3,2024-02-15,97.99751,high,2026-04-13T06:57:46.367099+00:00
zone_3,2024-02-22,97.998665,high,2026-04-13T06:57:46.367099+00:00
zone_3,2024-02-29,94.66951,high,2026-04-13T06:57:46.367099+00:00
zone_3,2024-03-07,97.99216,high,2026-04-13T06:57:46.367099+00:00
zone_3,2024-03-14,98.00068,high,2026-04-13T06:57:46.367099+00:00
zone_3,2024-03-21,98.00127,high,2026-04-13T06:57:46.367099+00:00
zone_3,2024-03-28,98.003914,high,2026-04-13T06:57:46.367099+00:00
zone_3,2024-04-04,98.009895,high,2026-04-13T06:57:46.367099+00:00
zone_3,2024-04-11,97.998985,high,2026-04-13T06:57:46.367099+00:00
zone_3,2024-04-18,98.00148,high,2026-04-13T06:57:46.367099+00:00
zone_3,2024-04-25,98.00026,high,2026-04-13T06:57:46.367099+00:00
zone_3,2024-05-02,97.995514,high,2026-04-13T06:57:46.367099+00:00
zone_3,2024-05-09,97.9925,high,2026-04-13T06:57:46.367099+00:00
zone_3,2024-05-16,98.008804,high,2026-04-13T06:57:46.367099+00:00
zone_3,2024-05-23,98.00036,high,2026-04-13T06:57:46.367099+00:00
zone_3,2024-05-30,97.997856,high,2026-04-13T06:57:46.367099+00:00
zone_3,2024-06-06,90.47947,high,2026-04-13T06:57:46.367099+00:00
zone_3,2024-06-13,96.742676,high,2026-04-13T06:57:46.367099+00:00
zone_3,2024-06-20,97.99457,high,2026-04-13T06:57:46.367099+00:00
zone_3,2024-06-27,97.999466,high,2026-04-13T06:57:46.367099+00:00
zone_3,2024-07-04,82.55422,high,2026-04-13T06:57:46.367099+00:00
zone_3,2024-07-11,90.546555,high,2026-04-13T06:57:46.367099+00:00
zone_3,2024-07-18,96.19898,high,2026-04-13T06:57:46.367099+00:00
zone_3,2024-07-25,83.85346,high,2026-04-13T06:57:46.367099+00:00
zone_3,2024-08-01,76.74169,high,2026-04-13T06:57:46.367099+00:00
zone_3,2024-08-08,76.50868,high,2026-04-13T06:57:46.367099+00:00
zone_3,2024-08-15,71.65654,high,2026-04-13T06:57:46.367099+00:00
zone_3,2024-08-22,87.16647,high,2026-04-13T06:57:46.367099+00:00
zone_3,2024-08-29,83.744064,high,2026-04-13T06:57:46.367099+00:00
zone_3,2024-09-05,72.805984,high,2026-04-13T06:57:46.367099+00:00
zone_3,2024-09-12,63.160164,medium,2026-04-13T06:57:46.367099+00:00
zone_3,2024-09-19,62.920578,medium,2026-04-13T06:57:46.367099+00:00
zone_3,2024-09-26,57.361332,medium,2026-04-13T06:57:46.367099+00:00
zone_3,2024-10-03,67.54339,high,2026-04-13T06:57:46.367099+00:00
zone_3,2024-10-10,61.11948,medium,2026-04-13T06:57:46.367099+00:00
zone_3,2024-10-17,50.599728,medium,2026-04-13T06:57:46.367099+00:00
zone_3,2024-10-24,74.10754,high,2026-04-13T06:57:46.367099+00:00
zone_3,2024-10-31,83.924835,high,2026-04-13T06:57:46.367099+00:00
zone_3,2024-11-07,87.087326,high,2026-04-13T06:57:46.367099+00:00
zone_3,2024-11-14,78.64381,high,2026-04-13T06:57:46.367099+00:00
zone_3,2024-11-21,88.50007,high,2026-04-13T06:57:46.367099+00:00
zone_3,2024-11-28,95.53308,high,2026-04-13T06:57:46.367099+00:00
zone_3,2024-12-05,98.001915,high,2026-04-13T06:57:46.367099+00:00
zone_3,2024-12-12,97.84746,high,2026-04-13T06:57:46.367099+00:00
zone_3,2024-12-19,95.80184,high,2026-04-13T06:57:46.367099+00:00
zone_3,2024-12-26,97.99471,high,2026-04-13T06:57:46.367099+00:00
zone_3,2025-01-02,98.0007,high,2026-04-13T06:57:46.367099+00:00
zone_3,2025-01-09,98.00115,high,2026-04-13T06:57:46.367099+00:00
zone_3,2025-01-16,97.99855,high,2026-04-13T06:57:46.367099+00:00
zone_3,2025-01-23,97.996994,high,2026-04-13T06:57:46.367099+00:00
zone_3,2025-01-30,97.99825,high,2026-04-13T06:57:46.367099+00:00
zone_3,2025-02-06,98.00815,high,2026-04-13T06:57:46.367099+00:00
zone_3,2025-02-13,98.003395,high,2026-04-13T06:57:46.367099+00:00
zone_3,2025-02-20,97.998024,high,2026-04-13T06:57:46.367099+00:00
zone_3,2025-02-27,98.000534,high,2026-04-13T06:57:46.367099+00:00
zone_3,2025-03-06,97.99491,high,2026-04-13T06:57:46.367099+00:00
zone_3,2025-03-13,97.99976,high,2026-04-13T06:57:46.367099+00:00
zone_3,2025-03-20,98.003525,high,2026-04-13T06:57:46.367099+00:00
zone_3,2025-03-27,98.00236,high,2026-04-13T06:57:46.367099+00:00
zone_3,2025-04-03,98.015396,high,2026-04-13T06:57:46.367099+00:00
zone_3,2025-04-10,98.00506,high,2026-04-13T06:57:46.367099+00:00
zone_3,2025-04-17,97.99967,high,2026-04-13T06:57:46.367099+00:00
zone_3,2025-04-24,97.99804,high,2026-04-13T06:57:46.367099+00:00
zone_3,2025-05-01,97.97849,high,2026-04-13T06:57:46.367099+00:00
zone_3,2025-05-08,97.99671,high,2026-04-13T06:57:46.367099+00:00
zone_3,2025-05-15,97.99858,high,2026-04-13T06:57:46.367099+00:00
zone_3,2025-05-22,97.99237,high,2026-04-13T06:57:46.367099+00:00
zone_3,2025-05-29,97.99752,high,2026-04-13T06:57:46.367099+00:00
zone_3,2025-06-05,97.9987,high,2026-04-13T06:57:46.367099+00:00
zone_3,2025-06-12,98.002686,high,2026-04-13T06:57:46.367099+00:00
zone_3,2025-06-19,91.31957,high,2026-04-13T06:57:46.367099+00:00
zone_3,2025-06-26,97.99976,high,2026-04-13T06:57:46.367099+00:00
zone_3,2025-07-03,82.380035,high,2026-04-13T06:57:46.367099+00:00
zone_3,2025-07-10,73.845,high,2026-04-13T06:57:46.367099+00:00
zone_3,2025-07-17,84.16648,high,2026-04-13T06:57:46.367099+00:00
zone_3,2025-07-24,76.982635,high,2026-04-13T06:57:46.367099+00:00
zone_3,2025-07-31,72.59156,high,2026-04-13T06:57:46.367099+00:00
zone_3,2025-08-07,68.7662,high,2026-04-13T06:57:46.367099+00:00
zone_3,2025-08-14,88.42694,high,2026-04-13T06:57:46.367099+00:00
zone_3,2025-08-21,71.40211,high,2026-04-13T06:57:46.367099+00:00
zone_3,2025-08-28,74.12649,high,2026-04-13T06:57:46.367099+00:00
zone_3,2025-09-04,69.54342,high,2026-04-13T06:57:46.367099+00:00
zone_3,2025-09-11,68.70068,high,2026-04-13T06:57:46.367099+00:00
zone_3,2025-09-18,71.82227,high,2026-04-13T06:57:46.367099+00:00
zone_3,2025-09-25,55.48434,medium,2026-04-13T06:57:46.367099+00:00
zone_3,2025-10-02,68.752396,high,2026-04-13T06:57:46.367099+00:00
zone_3,2025-10-09,64.64477,medium,2026-04-13T06:57:46.367099+00:00
zone_3,2025-10-16,70.40414,high,2026-04-13T06:57:46.367099+00:00
zone_3,2025-10-23,68.84793,high,2026-04-13T06:57:46.367099+00:00
zone_3,2025-10-30,63.850086,medium,2026-04-13T06:57:46.367099+00:00
zone_3,2025-11-06,72.046394,high,2026-04-13T06:57:46.367099+00:00
zone_3,2025-11-13,93.32744,high,2026-04-13T06:57:46.367099+00:00
zone_3,2025-11-20,90.70093,high,2026-04-13T06:57:46.367099+00:00
zone_3,2025-11-27,86.3953,high,2026-04-13T06:57:46.367099+00:00
zone_3,2025-12-04,95.49757,high,2026-04-13T06:57:46.367099+00:00
zone_3,2025-12-11,86.94129,high,2026-04-13T06:57:46.367099+00:00
zone_3,2025-12-18,89.44635,high,2026-04-13T06:57:46.367099+00:00
zone_3,2025-12-25,79.01492,high,2026-04-13T06:57:46.367099+00:00
zone_3,2026-01-01,96.83144,high,2026-04-13T06:57:46.367099+00:00
zone_3,2026-01-08,97.80067,high,2026-04-13T06:57:46.367099+00:00
zone_3,2026-01-15,97.96545,high,2026-04-13T06:57:46.367099+00:00
zone_3,2026-01-22,97.94111,high,2026-04-13T06:57:46.367099+00:00
zone_3,2026-01-29,97.27062,high,2026-04-13T06:57:46.367099+00:00
zone_3,2026-02-05,98.0905,high,2026-04-13T06:57:46.367099+00:00
zone_3,2026-02-12,96.33895,high,2026-04-13T06:57:46.367099+00:00
zone_3,2026-02-19,97.970566,high,2026-04-13T06:57:46.367099+00:00
zone_3,2026-02-26,97.680115,high,2026-04-13T06:57:46.367099+00:00
zone_3,2026-03-05,97.99482,high,2026-04-13T06:57:46.367099+00:00
zone_3,2026-03-12,98.06543,high,2026-04-13T06:57:46.367099+00:00
zone_3,2026-03-19,97.85251,high,2026-04-13T06:57:46.367099+00:00
zone_4,2024-02-01,97.9993,high,2026-04-13T06:57:46.367099+00:00
zone_4,2024-02-08,98.00396,high,2026-04-13T06:57:46.367099+00:00
zone_4,2024-02-15,97.99792,high,2026-04-13T06:57:46.367099+00:00
zone_4,2024-02-22,98.00152,high,2026-04-13T06:57:46.367099+00:00
zone_4,2024-02-29,97.995285,high,2026-04-13T06:57:46.367099+00:00
zone_4,2024-03-07,97.99806,high,2026-04-13T06:57:46.367099+00:00
zone_4,2024-03-14,98.001236,high,2026-04-13T06:57:46.367099+00:00
zone_4,2024-03-21,97.98694,high,2026-04-13T06:57:46.367099+00:00
zone_4,2024-03-28,97.999626,high,2026-04-13T06:57:46.367099+00:00
zone_4,2024-04-04,98.002335,high,2026-04-13T06:57:46.367099+00:00
zone_4,2024-04-11,97.999535,high,2026-04-13T06:57:46.367099+00:00
zone_4,2024-04-18,98.00673,high,2026-04-13T06:57:46.367099+00:00
zone_4,2024-04-25,97.998405,high,2026-04-13T06:57:46.367099+00:00
zone_4,2024-05-02,98.00256,high,2026-04-13T06:57:46.367099+00:00
zone_4,2024-05-09,98.00943,high,2026-04-13T06:57:46.367099+00:00
zone_4,2024-05-16,97.9912,high,2026-04-13T06:57:46.367099+00:00
zone_4,2024-05-23,97.99766,high,2026-04-13T06:57:46.367099+00:00
zone_4,2024-05-30,98.0038,high,2026-04-13T06:57:46.367099+00:00
zone_4,2024-06-06,97.99834,high,2026-04-13T06:57:46.367099+00:00
zone_4,2024-06-13,98.00101,high,2026-04-13T06:57:46.367099+00:00
zone_4,2024-06-20,98.003365,high,2026-04-13T06:57:46.367099+00:00
zone_4,2024-06-27,98.00026,high,2026-04-13T06:57:46.367099+00:00
zone_4,2024-07-04,95.19043,high,2026-04-13T06:57:46.367099+00:00
zone_4,2024-07-11,91.13519,high,2026-04-13T06:57:46.367099+00:00
zone_4,2024-07-18,83.62904,high,2026-04-13T06:57:46.367099+00:00
zone_4,2024-07-25,98.006584,high,2026-04-13T06:57:46.367099+00:00
zone_4,2024-08-01,71.01561,high,2026-04-13T06:57:46.367099+00:00
zone_4,2024-08-08,87.59756,high,2026-04-13T06:57:46.367099+00:00
zone_4,2024-08-15,88.17437,high,2026-04-13T06:57:46.367099+00:00
zone_4,2024-08-22,70.69912,high,2026-04-13T06:57:46.367099+00:00
zone_4,2024-08-29,80.57175,high,2026-04-13T06:57:46.367099+00:00
zone_4,2024-09-05,72.06011,high,2026-04-13T06:57:46.367099+00:00
zone_4,2024-09-12,82.414566,high,2026-04-13T06:57:46.367099+00:00
zone_4,2024-09-19,87.9431,high,2026-04-13T06:57:46.367099+00:00
zone_4,2024-09-26,72.48312,high,2026-04-13T06:57:46.367099+00:00
zone_4,2024-10-03,60.848236,medium,2026-04-13T06:57:46.367099+00:00
zone_4,2024-10-10,83.294815,high,2026-04-13T06:57:46.367099+00:00
zone_4,2024-10-17,69.99893,high,2026-04-13T06:57:46.367099+00:00
zone_4,2024-10-24,92.739944,high,2026-04-13T06:57:46.367099+00:00
zone_4,2024-10-31,91.15851,high,2026-04-13T06:57:46.367099+00:00
zone_4,2024-11-07,90.18875,high,2026-04-13T06:57:46.367099+00:00
zone_4,2024-11-14,98.006584,high,2026-04-13T06:57:46.367099+00:00
zone_4,2024-11-21,97.98197,high,2026-04-13T06:57:46.367099+00:00
zone_4,2024-11-28,97.99346,high,2026-04-13T06:57:46.367099+00:00
zone_4,2024-12-05,98.00727,high,2026-04-13T06:57:46.367099+00:00
zone_4,2024-12-12,97.99844,high,2026-04-13T06:57:46.367099+00:00
zone_4,2024-12-19,98.00128,high,2026-04-13T06:57:46.367099+00:00
zone_4,2024-12-26,97.99866,high,2026-04-13T06:57:46.367099+00:00
zone_4,2025-01-02,98.00913,high,2026-04-13T06:57:46.367099+00:00
zone_4,2025-01-09,97.998375,high,2026-04-13T06:57:46.367099+00:00
zone_4,2025-01-16,97.9978,high,2026-04-13T06:57:46.367099+00:00
zone_4,2025-01-23,98.002,high,2026-04-13T06:57:46.367099+00:00
zone_4,2025-01-30,98.00678,high,2026-04-13T06:57:46.367099+00:00
zone_4,2025-02-06,98.00165,high,2026-04-13T06:57:46.367099+00:00
zone_4,2025-02-13,97.996994,high,2026-04-13T06:57:46.367099+00:00
zone_4,2025-02-20,98.003914,high,2026-04-13T06:57:46.367099+00:00
zone_4,2025-02-27,98.003395,high,2026-04-13T06:57:46.367099+00:00
zone_4,2025-03-06,97.99786,high,2026-04-13T06:57:46.367099+00:00
zone_4,2025-03-13,97.990715,high,2026-04-13T06:57:46.367099+00:00
zone_4,2025-03-20,97.99932,high,2026-04-13T06:57:46.367099+00:00
zone_4,2025-03-27,98.01158,high,2026-04-13T06:57:46.367099+00:00
zone_4,2025-04-03,97.99282,high,2026-04-13T06:57:46.367099+00:00
zone_4,2025-04-10,98.000374,high,2026-04-13T06:57:46.367099+00:00
zone_4,2025-04-17,98.006744,high,2026-04-13T06:57:46.367099+00:00
zone_4,2025-04-24,98.00472,high,2026-04-13T06:57:46.367099+00:00
zone_4,2025-05-01,97.9916,high,2026-04-13T06:57:46.367099+00:00
zone_4,2025-05-08,98.00268,high,2026-04-13T06:57:46.367099+00:00
zone_4,2025-05-15,98.00363,high,2026-04-13T06:57:46.367099+00:00
zone_4,2025-05-22,97.99511,high,2026-04-13T06:57:46.367099+00:00
zone_4,2025-05-29,98.0029,high,2026-04-13T06:57:46.367099+00:00
zone_4,2025-06-05,98.00126,high,2026-04-13T06:57:46.367099+00:00
zone_4,2025-06-12,97.997406,high,2026-04-13T06:57:46.367099+00:00
zone_4,2025-06-19,98.00155,high,2026-04-13T06:57:46.367099+00:00
zone_4,2025-06-26,98.00887,high,2026-04-13T06:57:46.367099+00:00
zone_4,2025-07-03,96.84535,high,2026-04-13T06:57:46.367099+00:00
zone_4,2025-07-10,97.996925,high,2026-04-13T06:57:46.367099+00:00
zone_4,2025-07-17,98.00846,high,2026-04-13T06:57:46.367099+00:00
zone_4,2025-07-24,97.984245,high,2026-04-13T06:57:46.367099+00:00
zone_4,2025-07-31,97.99753,high,2026-04-13T06:57:46.367099+00:00
zone_4,2025-08-07,97.98386,high,2026-04-13T06:57:46.367099+00:00
zone_4,2025-08-14,83.19637,high,2026-04-13T06:57:46.367099+00:00
zone_4,2025-08-21,92.32091,high,2026-04-13T06:57:46.367099+00:00
zone_4,2025-08-28,84.55612,high,2026-04-13T06:57:46.367099+00:00
zone_4,2025-09-04,83.82413,high,2026-04-13T06:57:46.367099+00:00
zone_4,2025-09-11,79.136635,high,2026-04-13T06:57:46.367099+00:00
zone_4,2025-09-18,84.64219,high,2026-04-13T06:57:46.367099+00:00
zone_4,2025-09-25,87.41749,high,2026-04-13T06:57:46.367099+00:00
zone_4,2025-10-02,91.8124,high,2026-04-13T06:57:46.367099+00:00
zone_4,2025-10-09,82.29105,high,2026-04-13T06:57:46.367099+00:00
zone_4,2025-10-16,87.466995,high,2026-04-13T06:57:46.367099+00:00
zone_4,2025-10-23,80.5454,high,2026-04-13T06:57:46.367099+00:00
zone_4,2025-10-30,69.19944,high,2026-04-13T06:57:46.367099+00:00
zone_4,2025-11-06,97.741394,high,2026-04-13T06:57:46.367099+00:00
zone_4,2025-11-13,97.60042,high,2026-04-13T06:57:46.367099+00:00
zone_4,2025-11-20,90.8543,high,2026-04-13T06:57:46.367099+00:00
zone_4,2025-11-27,97.793396,high,2026-04-13T06:57:46.367099+00:00
zone_4,2025-12-04,98.00192,high,2026-04-13T06:57:46.367099+00:00
zone_4,2025-12-11,98.03456,high,2026-04-13T06:57:46.367099+00:00
zone_4,2025-12-18,97.9397,high,2026-04-13T06:57:46.367099+00:00
zone_4,2025-12-25,97.94189,high,2026-04-13T06:57:46.367099+00:00
zone_4,2026-01-01,98.037476,high,2026-04-13T06:57:46.367099+00:00
zone_4,2026-01-08,97.97788,high,2026-04-13T06:57:46.367099+00:00
zone_4,2026-01-15,98.03444,high,2026-04-13T06:57:46.367099+00:00
zone_4,2026-01-22,97.98265,high,2026-04-13T06:57:46.367099+00:00
zone_4,2026-01-29,97.99704,high,2026-04-13T06:57:46.367099+00:00
zone_4,2026-02-05,98.03875,high,2026-04-13T06:57:46.367099+00:00
zone_4,2026-02-12,98.03396,high,2026-04-13T06:57:46.367099+00:00
zone_4,2026-02-19,98.08469,high,2026-04-13T06:57:46.367099+00:00
zone_4,2026-02-26,98.00642,high,2026-04-13T06:57:46.367099+00:00
zone_4,2026-03-05,97.998566,high,2026-04-13T06:57:46.367099+00:00
zone_4,2026-03-12,98.03695,high,2026-04-13T06:57:46.367099+00:00
zone_4,2026-03-19,97.99544,high,2026-04-13T06:57:46.367099+00:00
zone_5,2024-02-01,97.99188,high,2026-04-13T06:57:46.367099+00:00
zone_5,2024-02-08,98.00116,high,2026-04-13T06:57:46.367099+00:00
zone_5,2024-02-15,96.25163,high,2026-04-13T06:57:46.367099+00:00
zone_5,2024-02-22,96.082756,high,2026-04-13T06:57:46.367099+00:00
zone_5,2024-02-29,97.998695,high,2026-04-13T06:57:46.367099+00:00
zone_5,2024-03-07,98.00225,high,2026-04-13T06:57:46.367099+00:00
zone_5,2024-03-14,98.00105,high,2026-04-13T06:57:46.367099+00:00
zone_5,2024-03-21,98.003265,high,2026-04-13T06:57:46.367099+00:00
zone_5,2024-03-28,97.995514,high,2026-04-13T06:57:46.367099+00:00
zone_5,2024-04-04,97.99773,high,2026-04-13T06:57:46.367099+00:00
zone_5,2024-04-11,98.00084,high,2026-04-13T06:57:46.367099+00:00
zone_5,2024-04-18,97.996185,high,2026-04-13T06:57:46.367099+00:00
zone_5,2024-04-25,97.99181,high,2026-04-13T06:57:46.367099+00:00
zone_5,2024-05-02,98.00752,high,2026-04-13T06:57:46.367099+00:00
zone_5,2024-05-09,97.99962,high,2026-04-13T06:57:46.367099+00:00
zone_5,2024-05-16,89.139336,high,2026-04-13T06:57:46.367099+00:00
zone_5,2024-05-23,97.999435,high,2026-04-13T06:57:46.367099+00:00
zone_5,2024-05-30,97.995415,high,2026-04-13T06:57:46.367099+00:00
zone_5,2024-06-06,95.61971,high,2026-04-13T06:57:46.367099+00:00
zone_5,2024-06-13,97.987686,high,2026-04-13T06:57:46.367099+00:00
zone_5,2024-06-20,95.50488,high,2026-04-13T06:57:46.367099+00:00
zone_5,2024-06-27,93.33433,high,2026-04-13T06:57:46.367099+00:00
zone_5,2024-07-04,86.379166,high,2026-04-13T06:57:46.367099+00:00
zone_5,2024-07-11,77.29057,high,2026-04-13T06:57:46.367099+00:00
zone_5,2024-07-18,89.58905,high,2026-04-13T06:57:46.367099+00:00
zone_5,2024-07-25,77.214226,high,2026-04-13T06:57:46.367099+00:00
zone_5,2024-08-01,67.43045,high,2026-04-13T06:57:46.367099+00:00
zone_5,2024-08-08,81.80944,high,2026-04-13T06:57:46.367099+00:00
zone_5,2024-08-15,68.39728,high,2026-04-13T06:57:46.367099+00:00
zone_5,2024-08-22,67.83889,high,2026-04-13T06:57:46.367099+00:00
zone_5,2024-08-29,64.315315,medium,2026-04-13T06:57:46.367099+00:00
zone_5,2024-09-05,71.8821,high,2026-04-13T06:57:46.367099+00:00
zone_5,2024-09-12,64.79772,medium,2026-04-13T06:57:46.367099+00:00
zone_5,2024-09-19,70.520996,high,2026-04-13T06:57:46.367099+00:00
zone_5,2024-09-26,71.67758,high,2026-04-13T06:57:46.367099+00:00
zone_5,2024-10-03,74.54484,high,2026-04-13T06:57:46.367099+00:00
zone_5,2024-10-10,76.74591,high,2026-04-13T06:57:46.367099+00:00
zone_5,2024-10-17,84.6248,high,2026-04-13T06:57:46.367099+00:00
zone_5,2024-10-24,67.53239,high,2026-04-13T06:57:46.367099+00:00
zone_5,2024-10-31,82.51165,high,2026-04-13T06:57:46.367099+00:00
zone_5,2024-11-07,67.974625,high,2026-04-13T06:57:46.367099+00:00
zone_5,2024-11-14,78.44957,high,2026-04-13T06:57:46.367099+00:00
zone_5,2024-11-21,98.00166,high,2026-04-13T06:57:46.367099+00:00
zone_5,2024-11-28,82.560974,high,2026-04-13T06:57:46.367099+00:00
zone_5,2024-12-05,98.00007,high,2026-04-13T06:57:46.367099+00:00
zone_5,2024-12-12,91.613434,high,2026-04-13T06:57:46.367099+00:00
zone_5,2024-12-19,97.998024,high,2026-04-13T06:57:46.367099+00:00
zone_5,2024-12-26,89.05715,high,2026-04-13T06:57:46.367099+00:00
zone_5,2025-01-02,98.0038,high,2026-04-13T06:57:46.367099+00:00
zone_5,2025-01-09,97.99877,high,2026-04-13T06:57:46.367099+00:00
zone_5,2025-01-16,97.998566,high,2026-04-13T06:57:46.367099+00:00
zone_5,2025-01-23,84.82866,high,2026-04-13T06:57:46.367099+00:00
zone_5,2025-01-30,98.00023,high,2026-04-13T06:57:46.367099+00:00
zone_5,2025-02-06,97.99151,high,2026-04-13T06:57:46.367099+00:00
zone_5,2025-02-13,98.00276,high,2026-04-13T06:57:46.367099+00:00
zone_5,2025-02-20,98.00439,high,2026-04-13T06:57:46.367099+00:00
zone_5,2025-02-27,97.991356,high,2026-04-13T06:57:46.367099+00:00
zone_5,2025-03-06,98.00811,high,2026-04-13T06:57:46.367099+00:00
zone_5,2025-03-13,98.00331,high,2026-04-13T06:57:46.367099+00:00
zone_5,2025-03-20,97.99588,high,2026-04-13T06:57:46.367099+00:00
zone_5,2025-03-27,97.99626,high,2026-04-13T06:57:46.367099+00:00
zone_5,2025-04-03,98.00162,high,2026-04-13T06:57:46.367099+00:00
zone_5,2025-04-10,97.99414,high,2026-04-13T06:57:46.367099+00:00
zone_5,2025-04-17,97.99685,high,2026-04-13T06:57:46.367099+00:00
zone_5,2025-04-24,97.99914,high,2026-04-13T06:57:46.367099+00:00
zone_5,2025-05-01,97.99985,high,2026-04-13T06:57:46.367099+00:00
zone_5,2025-05-08,90.991035,high,2026-04-13T06:57:46.367099+00:00
zone_5,2025-05-15,97.99286,high,2026-04-13T06:57:46.367099+00:00
zone_5,2025-05-22,97.98855,high,2026-04-13T06:57:46.367099+00:00
zone_5,2025-05-29,97.99947,high,2026-04-13T06:57:46.367099+00:00
zone_5,2025-06-05,86.65991,high,2026-04-13T06:57:46.367099+00:00
zone_5,2025-06-12,98.00223,high,2026-04-13T06:57:46.367099+00:00
zone_5,2025-06-19,94.587654,high,2026-04-13T06:57:46.367099+00:00
zone_5,2025-06-26,88.000694,high,2026-04-13T06:57:46.367099+00:00
zone_5,2025-07-03,73.61955,high,2026-04-13T06:57:46.367099+00:00
zone_5,2025-07-10,97.161736,high,2026-04-13T06:57:46.367099+00:00
zone_5,2025-07-17,86.577415,high,2026-04-13T06:57:46.367099+00:00
zone_5,2025-07-24,83.14751,high,2026-04-13T06:57:46.367099+00:00
zone_5,2025-07-31,97.995705,high,2026-04-13T06:57:46.367099+00:00
zone_5,2025-08-07,75.37321,high,2026-04-13T06:57:46.367099+00:00
zone_5,2025-08-14,85.48273,high,2026-04-13T06:57:46.367099+00:00
zone_5,2025-08-21,77.15449,high,2026-04-13T06:57:46.367099+00:00
zone_5,2025-08-28,68.416534,high,2026-04-13T06:57:46.367099+00:00
zone_5,2025-09-04,74.01782,high,2026-04-13T06:57:46.367099+00:00
zone_5,2025-09-11,67.7464,high,2026-04-13T06:57:46.367099+00:00
zone_5,2025-09-18,76.82778,high,2026-04-13T06:57:46.367099+00:00
zone_5,2025-09-25,66.583664,high,2026-04-13T06:57:46.367099+00:00
zone_5,2025-10-02,61.600906,medium,2026-04-13T06:57:46.367099+00:00
zone_5,2025-10-09,63.767513,medium,2026-04-13T06:57:46.367099+00:00
zone_5,2025-10-16,66.933075,high,2026-04-13T06:57:46.367099+00:00
zone_5,2025-10-23,77.0946,high,2026-04-13T06:57:46.367099+00:00
zone_5,2025-10-30,73.789795,high,2026-04-13T06:57:46.367099+00:00
zone_5,2025-11-06,85.648895,high,2026-04-13T06:57:46.367099+00:00
zone_5,2025-11-13,89.1664,high,2026-04-13T06:57:46.367099+00:00
zone_5,2025-11-20,91.87122,high,2026-04-13T06:57:46.367099+00:00
zone_5,2025-11-27,89.09101,high,2026-04-13T06:57:46.367099+00:00
zone_5,2025-12-04,95.90401,high,2026-04-13T06:57:46.367099+00:00
zone_5,2025-12-11,94.40758,high,2026-04-13T06:57:46.367099+00:00
zone_5,2025-12-18,91.56525,high,2026-04-13T06:57:46.367099+00:00
zone_5,2025-12-25,93.01404,high,2026-04-13T06:57:46.367099+00:00
zone_5,2026-01-01,97.95138,high,2026-04-13T06:57:46.367099+00:00
zone_5,2026-01-08,97.97203,high,2026-04-13T06:57:46.367099+00:00
zone_5,2026-01-15,97.893906,high,2026-04-13T06:57:46.367099+00:00
zone_5,2026-01-22,96.57557,high,2026-04-13T06:57:46.367099+00:00
zone_5,2026-01-29,94.66924,high,2026-04-13T06:57:46.367099+00:00
zone_5,2026-02-05,98.01811,high,2026-04-13T06:57:46.367099+00:00
zone_5,2026-02-12,98.04723,high,2026-04-13T06:57:46.367099+00:00
zone_5,2026-02-19,97.96291,high,2026-04-13T06:57:46.367099+00:00
zone_5,2026-02-26,98.039635,high,2026-04-13T06:57:46.367099+00:00
zone_5,2026-03-05,98.05435,high,2026-04-13T06:57:46.367099+00:00
zone_5,2026-03-12,97.973,high,2026-04-13T06:57:46.367099+00:00
zone_5,2026-03-19,98.0105,high,2026-04-13T06:57:46.367099+00:00
